2025-09-22T10:36:07.800283+0700 INFO Order: 2509212MYHUP33 Start!!
2025-09-22T10:36:16.719643+0700 INFO Order: 2509212MYHUP33 outer_Exception_Error!! 'MyApp' object has no attribute 'deduct_accel_file_data'
2025-09-22T10:36:17.744572+0700 INFO Order: 2509213ACF811B Start!!
2025-09-22T10:36:25.038095+0700 INFO Order: 2509213ACF811B outer_Exception_Error!! 'MyApp' object has no attribute 'deduct_accel_file_data'
2025-09-22T10:36:25.783379+0700 INFO Order: 2509213JCRSC7X Start!!
2025-09-22T10:36:47.043332+0700 INFO 2509213JCRSC7X: cusname is Not Duplicated
2025-09-22T10:36:50.172592+0700 INFO Order: 2509213JCRSC7X outer_Exception_Error!! 'MyApp' object has no attribute 'deduct_accel_file_data'
2025-09-22T10:36:50.887281+0700 INFO Order: 2509213JVVQS0H Start!!
2025-09-22T10:36:56.852310+0700 INFO Order: 2509213JVVQS0H outer_Exception_Error!! 'MyApp' object has no attribute 'deduct_accel_file_data'
2025-09-22T10:36:57.978026+0700 INFO Order: 2509213KETVAFV Start!!
2025-09-22T10:37:04.761921+0700 INFO 2509213KETVAFV: compare self.current_address & self.desired_full_address
2025-09-22T10:37:04.761921+0700 INFO เลขที่267/136ถนนราษฎร์พัฒนาสะพานสูงสะพานสูงกรุงเทพมหานคร10240
2025-09-22T10:37:04.761921+0700 INFO 147,149ซอยสุขุมวิท101/2ถนนสุขุมวิทบางนาเหนือบางนากรุงเทพมหานคร10260
2025-09-22T10:37:20.906986+0700 INFO Order: 2509213KETVAFV outer_Exception_Error!! Message: no such element: Unable to locate element: {"method":"xpath","selector":"/html/body/div[2]/div[2]/div/div[4]/div[3]/span/span/span[2]/ul/li[2]"}
  (Session info: chrome=140.0.7339.185); For documentation on this error, please visit: https://www.selenium.dev/documentation/webdriver/troubleshooting/errors#no-such-element-exception
Stacktrace:
	GetHandleVerifier [0x0x7ff6a0446b25+79621]
	GetHandleVerifier [0x0x7ff6a0446b80+79712]
	(No symbol) [0x0x7ff6a01dc0ea]
	(No symbol) [0x0x7ff6a0232f56]
	(No symbol) [0x0x7ff6a023320c]
	(No symbol) [0x0x7ff6a02865b7]
	(No symbol) [0x0x7ff6a025b17f]
	(No symbol) [0x0x7ff6a02833d0]
	(No symbol) [0x0x7ff6a025af13]
	(No symbol) [0x0x7ff6a0224151]
	(No symbol) [0x0x7ff6a0224ee3]
	GetHandleVerifier [0x0x7ff6a070683d+2962461]
	GetHandleVerifier [0x0x7ff6a0700b5d+2938685]
	GetHandleVerifier [0x0x7ff6a071f71d+3064573]
	GetHandleVerifier [0x0x7ff6a0460c6e+186446]
	GetHandleVerifier [0x0x7ff6a0468a3f+218655]
	GetHandleVerifier [0x0x7ff6a044f914+115956]
	GetHandleVerifier [0x0x7ff6a044fac9+116393]
	GetHandleVerifier [0x0x7ff6a0435ef8+10968]
	BaseThreadInitThunk [0x0x7ffb5d7be8d7+23]
	RtlUserThreadStart [0x0x7ffb5e068d9c+44]

2025-09-22T10:37:22.138612+0700 INFO Order: 2509213S8BF6NJ Start!!
2025-09-22T10:37:28.866321+0700 INFO Order: 2509213S8BF6NJ outer_Exception_Error!! 'MyApp' object has no attribute 'deduct_accel_file_data'
2025-09-22T10:37:29.179953+0700 INFO Order: 2509213UR0NYUE Start!!
2025-09-22T10:37:35.448825+0700 INFO Order: 2509213UR0NYUE outer_Exception_Error!! 'MyApp' object has no attribute 'deduct_accel_file_data'
2025-09-22T10:37:36.347464+0700 INFO Order: 2509213VE0ED3X Start!!
2025-09-22T10:37:46.274693+0700 INFO 2509213VE0ED3X: compare self.current_address & self.desired_full_address
2025-09-22T10:37:46.274693+0700 INFO เลขที่43/9หมู่ที่2บางกระเจ้าเมืองสมุทรสาครสมุทรสาคร74000
2025-09-22T10:37:46.276965+0700 INFO 43/9หมู่ที่2บางกระเจ้าเมืองสมุทรสาครสมุทรสาคร74000
2025-09-22T10:37:47.785936+0700 INFO Order: 2509213VE0ED3X outer_Exception_Error!! Message: element click intercepted: Element <a class="btn btn-danger " style="padding-left: 10px" href="" ng-click="backToViewPage()">...</a> is not clickable at point (1515, 88). Other element would receive the click: <div class="modal fade in" id="addressModal" tabindex="-1" role="dialog" aria-labelledby="gridSystemModalLabel" data-backdrop="static" data-keyboard="false" style="display: block;">...</div>
  (Session info: chrome=140.0.7339.185)
Stacktrace:
	GetHandleVerifier [0x0x7ff6a0446b25+79621]
	GetHandleVerifier [0x0x7ff6a0446b80+79712]
	(No symbol) [0x0x7ff6a01dc0ea]
	(No symbol) [0x0x7ff6a023af69]
	(No symbol) [0x0x7ff6a0238902]
	(No symbol) [0x0x7ff6a0235941]
	(No symbol) [0x0x7ff6a0234831]
	(No symbol) [0x0x7ff6a0226078]
	(No symbol) [0x0x7ff6a025b13a]
	(No symbol) [0x0x7ff6a0225926]
	(No symbol) [0x0x7ff6a025b350]
	(No symbol) [0x0x7ff6a02833d0]
	(No symbol) [0x0x7ff6a025af13]
	(No symbol) [0x0x7ff6a0224151]
	(No symbol) [0x0x7ff6a0224ee3]
	GetHandleVerifier [0x0x7ff6a070683d+2962461]
	GetHandleVerifier [0x0x7ff6a0700b5d+2938685]
	GetHandleVerifier [0x0x7ff6a071f71d+3064573]
	GetHandleVerifier [0x0x7ff6a0460c6e+186446]
	GetHandleVerifier [0x0x7ff6a0468a3f+218655]
	GetHandleVerifier [0x0x7ff6a044f914+115956]
	GetHandleVerifier [0x0x7ff6a044fac9+116393]
	GetHandleVerifier [0x0x7ff6a0435ef8+10968]
	BaseThreadInitThunk [0x0x7ffb5d7be8d7+23]
	RtlUserThreadStart [0x0x7ffb5e068d9c+44]

2025-09-22T10:37:48.444635+0700 INFO Order: 2509213VXEV69X Start!!
2025-09-22T10:37:52.172562+0700 INFO Order: 2509213VXEV69X outer_Exception_Error!! Message: no such element: Unable to locate element: {"method":"xpath","selector":"/html/body/div[2]/div[2]/div[2]/div/div/div/div[2]/div[4]/div/div/div[2]/div[4]/div/div[2]/a/div[2]/div/div/div[3]/div/div[1]/span"}
  (Session info: chrome=140.0.7339.185); For documentation on this error, please visit: https://www.selenium.dev/documentation/webdriver/troubleshooting/errors#no-such-element-exception
Stacktrace:
	GetHandleVerifier [0x0x7ff6a0446b25+79621]
	GetHandleVerifier [0x0x7ff6a0446b80+79712]
	(No symbol) [0x0x7ff6a01dc0ea]
	(No symbol) [0x0x7ff6a0232f56]
	(No symbol) [0x0x7ff6a023320c]
	(No symbol) [0x0x7ff6a02865b7]
	(No symbol) [0x0x7ff6a025b17f]
	(No symbol) [0x0x7ff6a02833d0]
	(No symbol) [0x0x7ff6a025af13]
	(No symbol) [0x0x7ff6a0224151]
	(No symbol) [0x0x7ff6a0224ee3]
	GetHandleVerifier [0x0x7ff6a070683d+2962461]
	GetHandleVerifier [0x0x7ff6a0700b5d+2938685]
	GetHandleVerifier [0x0x7ff6a071f71d+3064573]
	GetHandleVerifier [0x0x7ff6a0460c6e+186446]
	GetHandleVerifier [0x0x7ff6a0468a3f+218655]
	GetHandleVerifier [0x0x7ff6a044f914+115956]
	GetHandleVerifier [0x0x7ff6a044fac9+116393]
	GetHandleVerifier [0x0x7ff6a0435ef8+10968]
	BaseThreadInitThunk [0x0x7ffb5d7be8d7+23]
	RtlUserThreadStart [0x0x7ffb5e068d9c+44]

2025-09-22T10:46:40.264092+0700 INFO Order: 2509212MYHUP33 Start!!
2025-09-22T10:46:48.064558+0700 INFO Order: 2509213ACF811B Start!!
2025-09-22T10:47:32.844809+0700 INFO Order: 2509213ACF811B stop operation
2025-09-22T10:47:36.152894+0700 INFO Order: 2509213JCRSC7X Start!!
2025-09-22T10:47:44.187803+0700 INFO Order: 2509213JVVQS0H Start!!
2025-09-22T10:47:52.259466+0700 INFO Order: 2509213KETVAFV Start!!
2025-09-22T10:47:58.918097+0700 INFO 2509213KETVAFV: compare self.current_address & self.desired_full_address
2025-09-22T10:47:58.918097+0700 INFO เลขที่267/136ถนนราษฎร์พัฒนาสะพานสูงสะพานสูงกรุงเทพมหานคร10240
2025-09-22T10:47:58.919487+0700 INFO 147,149ซอยสุขุมวิท101/2ถนนสุขุมวิทบางนาเหนือบางนากรุงเทพมหานคร10260
2025-09-22T10:48:43.940151+0700 INFO Order: 2509213S8BF6NJ Start!!
2025-09-22T10:48:51.631037+0700 INFO Order: 2509213UR0NYUE Start!!
2025-09-22T10:48:59.681114+0700 INFO Order: 2509213VE0ED3X Start!!
2025-09-22T10:49:06.962577+0700 INFO 2509213VE0ED3X: compare self.current_address & self.desired_full_address
2025-09-22T10:49:06.963919+0700 INFO เลขที่43/9หมู่ที่2บางกระเจ้าเมืองสมุทรสาครสมุทรสาคร74000
2025-09-22T10:49:06.963919+0700 INFO 43/9หมู่ที่2บางกระเจ้าเมืองสมุทรสาครสมุทรสาคร74000
2025-09-22T10:49:52.894825+0700 INFO Order: 2509213VXEV69X Start!!
2025-09-22T10:50:02.003048+0700 INFO Order: 250921416BNC2U Start!!
2025-09-22T10:50:09.083443+0700 INFO Order: 25092143JCGANJ Start!!
2025-09-22T10:52:24.275786+0700 INFO Order: 2509214MAYAYNB Start!!
2025-09-22T10:52:40.391301+0700 INFO Order: 2509214MAYAYNB outer_Exception_Error!! 'dict' object has no attribute 'loc'
2025-09-22T10:52:49.228811+0700 INFO Order: 2509214MAYAYNB Start!!
2025-09-22T10:52:56.536956+0700 INFO Order: 2509214MAYAYNB outer_Exception_Error!! 'dict' object has no attribute 'loc'
2025-09-22T10:55:15.459903+0700 INFO Order: 2509214MAYAYNB Start!!
2025-09-22T10:55:15.468427+0700 INFO Order: 2509214MAYAYNB outer_Exception_Error!! 'Seller Centre'
2025-09-22T10:55:23.256077+0700 INFO Order: 2509214MAYAYNB Start!!
2025-09-22T10:55:23.257083+0700 INFO Order: 2509214MAYAYNB outer_Exception_Error!! 'Seller Centre'
2025-09-22T10:55:43.499799+0700 INFO Order: 2509214MAYAYNB Start!!
2025-09-22T10:55:54.284343+0700 INFO Order: 2509214MAYAYNB outer_Exception_Error!! 'MyApp' object has no attribute 'obj_data_from_accel_file'
2025-09-22T10:57:15.526624+0700 INFO Order: 2509214MAYAYNB Start!!
2025-09-22T10:57:23.739978+0700 INFO Order: 2509214MAYAYNB outer_Exception_Error!! 'MyApp' object has no attribute 'obj_data_from_accel_file'
2025-09-22T10:58:42.198706+0700 INFO Order: 2509214MAYAYNB Start!!
2025-09-22T11:08:51.266341+0700 INFO Order: 2509214MAYAYNB outer_Exception_Error!! main thread is not in main loop
2025-09-22T11:49:21.207731+0700 INFO Order: 25092143JCGANJ Start!!
2025-09-22T11:49:28.875836+0700 INFO 25092143JCGANJ: compare self.current_address & self.desired_full_address
2025-09-22T11:49:28.876838+0700 INFO เลขที่82ถ.ราษฏร์สำเริงสองพี่น้องสองพี่น้องสุพรรณบุรี72110
2025-09-22T11:49:28.876838+0700 INFO 82ถนนราษฎร์สำเริงสองพี่น้องสองพี่น้องสุพรรณบุรี72110
2025-09-22T11:50:06.238974+0700 INFO Order: 25092144GCSA8Q Start!!
2025-09-22T11:50:14.371839+0700 INFO Order: 2509214C62XFY9 Start!!
2025-09-22T11:50:24.407067+0700 INFO Order: 2509214CD3XFYR Start!!
2025-09-22T11:50:32.170041+0700 INFO Order: 2509214DWA27JX Start!!
2025-09-22T11:50:54.822668+0700 INFO 2509214DWA27JX: cusname is Not Duplicated
2025-09-22T11:51:10.667749+0700 INFO Order: 2509214F6VE9TT Start!!
2025-09-22T11:51:16.637191+0700 INFO 2509214F6VE9TT: compare self.current_address & self.desired_full_address
2025-09-22T11:51:16.637865+0700 INFO เลขที่21/6หมู่ที่3ถนนยกกระบัตร-หลักสี่บางโทรัดเมืองสมุทรสาครสมุทรสาคร74000
2025-09-22T11:51:16.637865+0700 INFO บริษัทพลวัสบรรจุภัณฑ์จำกัด21/6ม.3ถ.ยกกระบัตร-หลักสี่บางโทรัดเมืองสมุทรสาครสมุทรสาคร74000
2025-09-22T11:51:46.928344+0700 INFO Order: 2509214HCUPP3N Start!!
2025-09-22T11:51:53.829357+0700 INFO Order: 2509214HCUPP3N outer_Exception_Error!! Message: element click intercepted: Element <button class="btn btn-sm btn-outline btn-primary " type="button" id="newMember" ng-click="findNewMember(true);" ng-hide="_readOnlyPage === '1'" ng-show="posbook.data.transactionTypeId === undefined || (posbook.data.transactionTypeId === 91200001 &amp;&amp; posbook.data.orderStatus.lookupMasterId !== 10820007)" title="">...</button> is not clickable at point (1362, 426). Other element would receive the click: <textarea class="form-control validate ng-valid ng-valid-maxlength ng-dirty ng-touched ng-empty" rows="4" maxlength="150" placeholder="Define 150 digits." validate-special-character="" check-sc="',&amp;" style="resize: none;" id="addressCustomer" name="addressCustomer" ng-model="memberNew.data.dataOfMemberAddress.custAddress" title=""></textarea>
  (Session info: chrome=140.0.7339.185)
Stacktrace:
	GetHandleVerifier [0x0x7ff75cad6b25+79621]
	GetHandleVerifier [0x0x7ff75cad6b80+79712]
	(No symbol) [0x0x7ff75c86c0ea]
	(No symbol) [0x0x7ff75c8caf69]
	(No symbol) [0x0x7ff75c8c8902]
	(No symbol) [0x0x7ff75c8c5941]
	(No symbol) [0x0x7ff75c8c4831]
	(No symbol) [0x0x7ff75c8b6078]
	(No symbol) [0x0x7ff75c8eb13a]
	(No symbol) [0x0x7ff75c8b5926]
	(No symbol) [0x0x7ff75c8eb350]
	(No symbol) [0x0x7ff75c9133d0]
	(No symbol) [0x0x7ff75c8eaf13]
	(No symbol) [0x0x7ff75c8b4151]
	(No symbol) [0x0x7ff75c8b4ee3]
	GetHandleVerifier [0x0x7ff75cd9683d+2962461]
	GetHandleVerifier [0x0x7ff75cd90b5d+2938685]
	GetHandleVerifier [0x0x7ff75cdaf71d+3064573]
	GetHandleVerifier [0x0x7ff75caf0c6e+186446]
	GetHandleVerifier [0x0x7ff75caf8a3f+218655]
	GetHandleVerifier [0x0x7ff75cadf914+115956]
	GetHandleVerifier [0x0x7ff75cadfac9+116393]
	GetHandleVerifier [0x0x7ff75cac5ef8+10968]
	BaseThreadInitThunk [0x0x7ffb5d7be8d7+23]
	RtlUserThreadStart [0x0x7ffb5e068d9c+44]

2025-09-22T11:51:55.038969+0700 INFO Order: 2509214HSXC3CF Start!!
2025-09-22T11:52:16.884483+0700 INFO 2509214HSXC3CF: cusname is Not Duplicated
2025-09-22T11:52:20.148148+0700 INFO Order: 2509214JNXTYUC Start!!
2025-09-22T11:52:27.373523+0700 INFO 2509214JNXTYUC: compare self.current_address & self.desired_full_address
2025-09-22T11:52:27.374527+0700 INFO 898/8อาคารเอสวีซิตี้2ชั้นที่6ถนนพระราม3บางโพงพางยานนาวากรุงเทพมหานคร10120
2025-09-22T11:52:27.375542+0700 INFO 898/8SCCity2ชั้น6ถ.พระราม3บางโพงพางยานนาวากรุงเทพมหานคร10120
2025-09-22T11:53:03.356871+0700 INFO Order: 2509214NTUXE6W Start!!
2025-09-22T11:53:34.519018+0700 INFO Order: 2509214PGN1R0P Start!!
2025-09-22T11:53:46.654904+0700 INFO Order: 2509214R8CFG46 Start!!
2025-09-22T11:53:54.758662+0700 INFO Order: 2509214RMCT1UN Start!!
2025-09-22T11:54:31.497354+0700 INFO 2509214RMCT1UN: cusname is Not Duplicated
2025-09-22T11:54:35.999229+0700 INFO Order: 2509214VSQGQ1D Start!!
2025-09-22T11:54:43.056623+0700 INFO Order: 2509214W09BMPU Start!!
2025-09-22T11:55:48.365785+0700 INFO Order: 25092250UMHVCG Start!!
2025-09-22T11:55:56.452356+0700 INFO Order: 2509225169315H Start!!
2025-09-22T11:56:04.913218+0700 INFO 2509225169315H: compare self.current_address & self.desired_full_address
2025-09-22T11:56:04.913218+0700 INFO 28/20ซอยรามอินทรา45/1ท่าแร้งบางเขนกรุงเทพมหานคร10230
2025-09-22T11:56:04.914280+0700 INFO ลูคัสยักต์ครีเอชั่นจำกัด28/20ซอยรามอินทรา45/1ท่าแร้งบางเขนกรุงเทพมหานคร10230
2025-09-22T11:56:40.698992+0700 INFO Order: 2509225R37PY94 Start!!
2025-09-22T11:56:50.159332+0700 INFO 2509225R37PY94: compare self.current_address & self.desired_full_address
2025-09-22T11:56:50.159332+0700 INFO 184หมู่ที่19บุ่งหวายวารินชำราบอุบลราชธานี34310
2025-09-22T11:56:50.160506+0700 INFO 184หมู่19บุ่งหวายวารินชำราบอุบลราชธานี34310
2025-09-22T11:57:19.886561+0700 INFO Order: 2509225RJE3MKM Start!!
2025-09-22T11:57:27.001541+0700 INFO 2509225RJE3MKM: compare self.current_address & self.desired_full_address
2025-09-22T11:57:27.002538+0700 INFO 333ศูนย์การค้าไอทีสแควร์ชั้น2ห้องB38ถ.กำแพงเพชร6ตลาดบางเขนหลักสี่กรุงเทพมหานคร10210
2025-09-22T11:57:27.002538+0700 INFO 333อาคารศูนย์การค้าไอทีสแควร์ชั้น2ห้องB38ถนนกำแพงเพชร6ตลาดบางเขนหลักสี่กรุงเทพมหานคร10210
2025-09-22T11:58:01.071577+0700 INFO Order: 2509225RJE3MKN Start!!
2025-09-22T11:58:08.939555+0700 INFO 2509225RJE3MKN: compare self.current_address & self.desired_full_address
2025-09-22T11:58:08.940557+0700 INFO 
2025-09-22T11:58:08.941573+0700 INFO 333อาคารศูนย์การค้าไอทีสแควร์ชั้น2ห้องB38ถนนกำแพงเพชร6ตลาดบางเขนหลักสี่กรุงเทพมหานคร10210
2025-09-22T11:58:44.398660+0700 INFO Order: 2509225S8RCUYE Start!!
2025-09-22T11:58:51.385349+0700 INFO Order: 2509225WPABN18 Start!!
2025-09-22T11:58:58.447452+0700 INFO Order: 2509225XC5DQMY Start!!
2025-09-22T11:59:08.527011+0700 INFO Order: 2509225Y9RAV5V Start!!
2025-09-22T11:59:16.625591+0700 INFO Order: 250922600WCX2B Start!!
2025-09-22T11:59:23.680891+0700 INFO Order: 25092260W1M1XN Start!!
2025-09-22T11:59:30.750383+0700 INFO Order: 250922616GXP3G Start!!
2025-09-22T11:59:37.804849+0700 INFO Order: 25092261S3Y9VY Start!!
2025-09-22T11:59:43.697788+0700 INFO 25092261S3Y9VY: compare self.current_address & self.desired_full_address
2025-09-22T11:59:43.698869+0700 INFO 1488/293จันทรเกษมจตุจักรกรุงเทพมหานคร10900
2025-09-22T11:59:43.699364+0700 INFO 558/94คอนโดริทึมรัชดาสามเสนนอกห้วยขวางกรุงเทพมหานคร10310
2025-09-22T12:00:16.033892+0700 INFO Order: 250922622YMWT0 Start!!
2025-09-22T12:00:23.608957+0700 INFO 250922622YMWT0: compare self.current_address & self.desired_full_address
2025-09-22T12:00:23.608957+0700 INFO เลขที่48,50ตรอก/ซอยประชาอุทิศ16ถนนประชาอุทิศราษฎร์บูรณะราษฎร์บูรณะกรุงเทพมหานคร10140
2025-09-22T12:00:23.608957+0700 INFO 48,50ซอยประชาอุทิศ16ถนนประชาอุทิศราษฎร์บูรณะราษฎร์บูรณะกรุงเทพมหานคร10140
2025-09-22T12:01:04.336079+0700 INFO Order: 250922649KUF8C Start!!
2025-09-22T12:01:13.743313+0700 INFO Order: 250922649KUF8C outer_Exception_Error!! Message: element click intercepted: Element <button class="btn btn-sm btn-outline btn-primary " type="button" id="newMember" ng-click="findNewMember(true);" ng-hide="_readOnlyPage === '1'" ng-show="posbook.data.transactionTypeId === undefined || (posbook.data.transactionTypeId === 91200001 &amp;&amp; posbook.data.orderStatus.lookupMasterId !== 10820007)" title="">...</button> is not clickable at point (1362, 426). Other element would receive the click: <textarea class="form-control validate ng-valid ng-valid-maxlength ng-dirty ng-touched ng-empty" rows="4" maxlength="150" placeholder="Define 150 digits." validate-special-character="" check-sc="',&amp;" style="resize: none;" id="addressCustomer" name="addressCustomer" ng-model="memberNew.data.dataOfMemberAddress.custAddress" title=""></textarea>
  (Session info: chrome=140.0.7339.185)
Stacktrace:
	GetHandleVerifier [0x0x7ff75cad6b25+79621]
	GetHandleVerifier [0x0x7ff75cad6b80+79712]
	(No symbol) [0x0x7ff75c86c0ea]
	(No symbol) [0x0x7ff75c8caf69]
	(No symbol) [0x0x7ff75c8c8902]
	(No symbol) [0x0x7ff75c8c5941]
	(No symbol) [0x0x7ff75c8c4831]
	(No symbol) [0x0x7ff75c8b6078]
	(No symbol) [0x0x7ff75c8eb13a]
	(No symbol) [0x0x7ff75c8b5926]
	(No symbol) [0x0x7ff75c8eb350]
	(No symbol) [0x0x7ff75c9133d0]
	(No symbol) [0x0x7ff75c8eaf13]
	(No symbol) [0x0x7ff75c8b4151]
	(No symbol) [0x0x7ff75c8b4ee3]
	GetHandleVerifier [0x0x7ff75cd9683d+2962461]
	GetHandleVerifier [0x0x7ff75cd90b5d+2938685]
	GetHandleVerifier [0x0x7ff75cdaf71d+3064573]
	GetHandleVerifier [0x0x7ff75caf0c6e+186446]
	GetHandleVerifier [0x0x7ff75caf8a3f+218655]
	GetHandleVerifier [0x0x7ff75cadf914+115956]
	GetHandleVerifier [0x0x7ff75cadfac9+116393]
	GetHandleVerifier [0x0x7ff75cac5ef8+10968]
	BaseThreadInitThunk [0x0x7ffb5d7be8d7+23]
	RtlUserThreadStart [0x0x7ffb5e068d9c+44]

2025-09-22T12:03:24.188520+0700 INFO Order: 250922649KUF8C stop operation
2025-09-22T12:03:26.737835+0700 INFO Order: 2509214HCUPP3N Start!!
2025-09-22T12:04:00.816093+0700 INFO Order: 2509214HCUPP3N stop operation
2025-09-22T12:04:18.140910+0700 INFO 2509214HCUPP3N: compare self.current_address & self.desired_full_address
2025-09-22T12:04:18.140910+0700 INFO 48,50ซอยประชาอุทิศ16ถนนประชาอุทิศราษฎร์บูรณะราษฎร์บูรณะกรุงเทพมหานคร10140
2025-09-22T12:04:18.140910+0700 INFO 100/204หมู่3SaiMaMueangNonthaburiNonthaburi11000
2025-09-22T12:04:18.587609+0700 INFO Order: 2509214HCUPP3N outer_Exception_Error!! Message: no such element: Unable to locate element: {"method":"xpath","selector":"/html/body/div[2]/div[2]/div/div[2]/div/div[2]/div[1]/div[1]/button"}
  (Session info: chrome=140.0.7339.185); For documentation on this error, please visit: https://www.selenium.dev/documentation/webdriver/troubleshooting/errors#no-such-element-exception
Stacktrace:
	GetHandleVerifier [0x0x7ff75cad6b25+79621]
	GetHandleVerifier [0x0x7ff75cad6b80+79712]
	(No symbol) [0x0x7ff75c86c0ea]
	(No symbol) [0x0x7ff75c8c2f56]
	(No symbol) [0x0x7ff75c8c320c]
	(No symbol) [0x0x7ff75c9165b7]
	(No symbol) [0x0x7ff75c8eb17f]
	(No symbol) [0x0x7ff75c9133d0]
	(No symbol) [0x0x7ff75c8eaf13]
	(No symbol) [0x0x7ff75c8b4151]
	(No symbol) [0x0x7ff75c8b4ee3]
	GetHandleVerifier [0x0x7ff75cd9683d+2962461]
	GetHandleVerifier [0x0x7ff75cd90b5d+2938685]
	GetHandleVerifier [0x0x7ff75cdaf71d+3064573]
	GetHandleVerifier [0x0x7ff75caf0c6e+186446]
	GetHandleVerifier [0x0x7ff75caf8a3f+218655]
	GetHandleVerifier [0x0x7ff75cadf914+115956]
	GetHandleVerifier [0x0x7ff75cadfac9+116393]
	GetHandleVerifier [0x0x7ff75cac5ef8+10968]
	BaseThreadInitThunk [0x0x7ffb5d7be8d7+23]
	RtlUserThreadStart [0x0x7ffb5e068d9c+44]

2025-09-22T12:04:24.745464+0700 INFO Order: 2509214HCUPP3N Start!!
2025-09-22T12:05:44.835611+0700 INFO Order: 2509214HCUPP3N outer_Exception_Error!! Message: 

2025-09-22T13:45:36.875446+0700 INFO Order: 2509225RJE3MKM Start!!
2025-09-22T13:45:50.508485+0700 INFO 2509225RJE3MKM: compare self.current_address & self.desired_full_address
2025-09-22T13:45:50.509587+0700 INFO เลขที่333อาคารศูนย์การค้าไอทีสแควร์ชั้น2ห้องB38ถนนกำแพงเพชร6ตลาดบางเขนหลักสี่กรุงเทพมหานคร10210
2025-09-22T13:45:50.509587+0700 INFO 333อาคารศูนย์การค้าไอทีสแควร์ชั้น2ห้องB38ถนนกำแพงเพชร6ตลาดบางเขนหลักสี่กรุงเทพมหานคร10210
2025-09-22T13:46:22.917186+0700 INFO Order: 2509225RJE3MKM outer_Exception_Error!! [Errno 13] Permission denied: 'C:/Users/BCP_27/Documents/GitHub/Python/test/tkinter_test/Accel_mode.xlsx'
2025-09-22T13:46:54.408936+0700 INFO Order: 2509225RJE3MKM Start!!
2025-09-22T13:47:00.735007+0700 INFO 2509225RJE3MKM: compare self.current_address & self.desired_full_address
2025-09-22T13:47:00.737040+0700 INFO 333ศูนย์การค้าไอทีสแควร์ชั้น2ห้องB38ถนนกำแพงเพชร6ตลาดบางเขนหลักสี่กรุงเทพมหานคร10210
2025-09-22T13:47:00.738089+0700 INFO 333อาคารศูนย์การค้าไอทีสแควร์ชั้น2ห้องB38ถนนกำแพงเพชร6ตลาดบางเขนหลักสี่กรุงเทพมหานคร10210
2025-09-22T13:47:44.419773+0700 INFO Order: 2509225RJE3MKM outer_Exception_Error!! [Errno 13] Permission denied: 'C:/Users/BCP_27/Documents/GitHub/Python/test/tkinter_test/Accel_mode.xlsx'
2025-09-22T13:48:33.181125+0700 INFO Order: 2509225RJE3MKM Start!!
2025-09-22T13:48:40.171797+0700 INFO 2509225RJE3MKM: compare self.current_address & self.desired_full_address
2025-09-22T13:48:40.173034+0700 INFO 333ศูนย์การค้าไอทีสแควร์ชั้นที่2ห้องเลขที่B38ถ.กำแพงเพชร6ตลาดบางเขนหลักสี่กรุงเทพมหานคร10210
2025-09-22T13:48:40.173034+0700 INFO 333อาคารศูนย์การค้าไอทีสแควร์ชั้น2ห้องB38ถนนกำแพงเพชร6ตลาดบางเขนหลักสี่กรุงเทพมหานคร10210
2025-09-22T13:49:13.755065+0700 INFO Order: 2509225RJE3MKM outer_Exception_Error!! [Errno 13] Permission denied: 'C:/Users/BCP_27/Documents/GitHub/Python/test/tkinter_test/Accel_mode.xlsx'
2025-09-22T13:51:34.238083+0700 INFO Order: 2509225RJE3MKM Start!!
2025-09-22T13:51:41.123218+0700 INFO 2509225RJE3MKM: compare self.current_address & self.desired_full_address
2025-09-22T13:51:41.123218+0700 INFO ศูนย์การค้าไอทีสแควร์ถนนกำแพงเพชร6เลขที่333ชั้น2ห้องเลขที่B38ตลาดบางเขนหลักสี่กรุงเทพมหานคร10210
2025-09-22T13:51:41.123218+0700 INFO 333อาคารศูนย์การค้าไอทีสแควร์ชั้น2ห้องB38ถนนกำแพงเพชร6ตลาดบางเขนหลักสี่กรุงเทพมหานคร10210
2025-09-22T13:53:23.797366+0700 INFO Order: 2509225RJE3MKM Start!!
2025-09-22T13:53:49.656664+0700 INFO 2509225RJE3MKM: compare self.current_address & self.desired_full_address
2025-09-22T13:53:49.659626+0700 INFO 333ศูนย์การค้าไอทีสแควร์ชั้นที่2ห้องเลขที่B38ถนนกำแพงเพชร6ตลาดบางเขนหลักสี่กรุงเทพมหานคร10210
2025-09-22T13:53:49.660627+0700 INFO 333อาคารศูนย์การค้าไอทีสแควร์ชั้น2ห้องB38ถนนกำแพงเพชร6ตลาดบางเขนหลักสี่กรุงเทพมหานคร10210
2025-09-22T13:53:49.811316+0700 INFO Order: 2509225RJE3MKM stop operation
2025-09-22T13:53:49.891003+0700 INFO Order: 2509225RJE3MKM outer_Exception_Error!! Message: no such element: Unable to locate element: {"method":"xpath","selector":"/html/body/div[2]/div[2]/div/div[2]/div/div[2]/div[1]/div[1]/button"}
  (Session info: chrome=140.0.7339.185); For documentation on this error, please visit: https://www.selenium.dev/documentation/webdriver/troubleshooting/errors#no-such-element-exception
Stacktrace:
	GetHandleVerifier [0x0x7ff75cad6b25+79621]
	GetHandleVerifier [0x0x7ff75cad6b80+79712]
	(No symbol) [0x0x7ff75c86c0ea]
	(No symbol) [0x0x7ff75c8c2f56]
	(No symbol) [0x0x7ff75c8c320c]
	(No symbol) [0x0x7ff75c9165b7]
	(No symbol) [0x0x7ff75c8eb17f]
	(No symbol) [0x0x7ff75c9133d0]
	(No symbol) [0x0x7ff75c8eaf13]
	(No symbol) [0x0x7ff75c8b4151]
	(No symbol) [0x0x7ff75c8b4ee3]
	GetHandleVerifier [0x0x7ff75cd9683d+2962461]
	GetHandleVerifier [0x0x7ff75cd90b5d+2938685]
	GetHandleVerifier [0x0x7ff75cdaf71d+3064573]
	GetHandleVerifier [0x0x7ff75caf0c6e+186446]
	GetHandleVerifier [0x0x7ff75caf8a3f+218655]
	GetHandleVerifier [0x0x7ff75cadf914+115956]
	GetHandleVerifier [0x0x7ff75cadfac9+116393]
	GetHandleVerifier [0x0x7ff75cac5ef8+10968]
	BaseThreadInitThunk [0x0x7ffb5d7be8d7+23]
	RtlUserThreadStart [0x0x7ffb5e068d9c+44]

2025-09-22T13:53:53.186512+0700 INFO Order: 2509225RJE3MKM Start!!
2025-09-22T13:54:00.592896+0700 INFO 2509225RJE3MKM: compare self.current_address & self.desired_full_address
2025-09-22T13:54:00.592896+0700 INFO 333ศูนย์การค้าไอทีสแควร์ชั้นที่2ห้องเลขที่B38ถนนกำแพงเพชร6ตลาดบางเขนหลักสี่กรุงเทพมหานคร10210
2025-09-22T13:54:00.592896+0700 INFO 333อาคารศูนย์การค้าไอทีสแควร์ชั้น2ห้องB38ถนนกำแพงเพชร6ตลาดบางเขนหลักสี่กรุงเทพมหานคร10210
2025-09-22T13:54:35.042202+0700 INFO Order: 2509225RJE3MKM outer_Exception_Error!! [Errno 13] Permission denied: 'C:/Users/BCP_27/Documents/GitHub/Python/test/tkinter_test/Accel_mode.xlsx'
2025-09-22T14:00:14.876555+0700 INFO Order: 2509225RJE3MKM Start!!
2025-09-22T14:00:23.040675+0700 INFO 2509225RJE3MKM: compare self.current_address & self.desired_full_address
2025-09-22T14:00:23.040675+0700 INFO 333ศูนย์การค้าไอทีสแควร์ชั้นที่2ห้องเลขที่B38ถ.กำแพงเพชร6ตลาดบางเขนหลักสี่กรุงเทพมหานคร10210
2025-09-22T14:00:23.041266+0700 INFO 333อาคารศูนย์การค้าไอทีสแควร์ชั้น2ห้องB38ถนนกำแพงเพชร6ตลาดบางเขนหลักสี่กรุงเทพมหานคร10210
2025-09-22T14:00:56.341243+0700 INFO Order: 2509225RJE3MKM outer_Exception_Error!! 'dict' object has no attribute 'loc'
2025-09-22T14:01:17.238994+0700 INFO Order: 2509225RJE3MKM Start!!
2025-09-22T14:01:24.467062+0700 INFO 2509225RJE3MKM: compare self.current_address & self.desired_full_address
2025-09-22T14:01:24.468267+0700 INFO 333ศูนย์การค้าไอทีสแควร์ชั้นที่2ห้องเลขที่B38ถ.กำแพงเพชร6ตลาดบางเขนหลักสี่กรุงเทพมหานคร10210
2025-09-22T14:01:24.468611+0700 INFO 333อาคารศูนย์การค้าไอทีสแควร์ชั้น2ห้องB38ถนนกำแพงเพชร6ตลาดบางเขนหลักสี่กรุงเทพมหานคร10210
2025-09-22T14:02:07.630627+0700 INFO Order: 2509225RJE3MKM outer_Exception_Error!! 'dict' object has no attribute 'loc'
2025-09-22T14:02:15.477394+0700 INFO Order: 2509225RJE3MKM Start!!
2025-09-22T14:02:25.119013+0700 INFO Order: 2509225RJE3MKM outer_Exception_Error!! 'dict' object has no attribute 'loc'
2025-09-22T14:02:33.613411+0700 INFO Order: 2509225RJE3MKM Start!!
2025-09-22T14:02:41.396411+0700 INFO 2509225RJE3MKM: compare self.current_address & self.desired_full_address
2025-09-22T14:02:41.398602+0700 INFO 333ศูนย์การค้าไอทีสแควร์ชั้นที่2ห้องเลขที่B38ถนนกำแพงเพชร6ตลาดบางเขนหลักสี่กรุงเทพมหานคร10210
2025-09-22T14:02:41.400597+0700 INFO 333อาคารศูนย์การค้าไอทีสแควร์ชั้น2ห้องB38ถนนกำแพงเพชร6ตลาดบางเขนหลักสี่กรุงเทพมหานคร10210
2025-09-22T14:03:14.615235+0700 INFO Order: 2509225RJE3MKM outer_Exception_Error!! 'dict' object has no attribute 'loc'
2025-09-22T14:03:25.053669+0700 INFO Order: 2509225RJE3MKM Start!!
2025-09-22T14:03:31.944855+0700 INFO 2509225RJE3MKM: compare self.current_address & self.desired_full_address
2025-09-22T14:03:31.945930+0700 INFO 333ศูนย์การค้าไอทีสแควร์ชั้นที่2ห้องเลขที่B38ถนนกำแพงเพชร6ตลาดบางเขนหลักสี่กรุงเทพมหานคร10210
2025-09-22T14:03:31.945930+0700 INFO 333อาคารศูนย์การค้าไอทีสแควร์ชั้น2ห้องB38ถนนกำแพงเพชร6ตลาดบางเขนหลักสี่กรุงเทพมหานคร10210
2025-09-22T14:04:04.602948+0700 INFO Order: 2509225RJE3MKM outer_Exception_Error!! 'dict' object has no attribute 'loc'
2025-09-22T14:04:33.904618+0700 INFO Order: 2509225RJE3MKM Start!!
2025-09-22T14:04:45.175422+0700 INFO 2509225RJE3MKM: compare self.current_address & self.desired_full_address
2025-09-22T14:04:45.175422+0700 INFO 
2025-09-22T14:04:45.176929+0700 INFO 333อาคารศูนย์การค้าไอทีสแควร์ชั้น2ห้องB38ถนนกำแพงเพชร6ตลาดบางเขนหลักสี่กรุงเทพมหานคร10210
2025-09-22T14:05:15.421816+0700 INFO Order: 2509225RJE3MKM outer_Exception_Error!! 'dict' object has no attribute 'loc'
2025-09-22T14:05:56.309000+0700 INFO Order: 2509225RJE3MKM Start!!
2025-09-22T14:06:04.901482+0700 INFO 2509225RJE3MKM: compare self.current_address & self.desired_full_address
2025-09-22T14:06:04.901482+0700 INFO ศูนย์การค้าไอทีสแควร์ห้องB038ร้านฝนอิ้งค์ตลาดบางเขนหลักสี่กรุงเทพมหานคร10210
2025-09-22T14:06:04.902351+0700 INFO 333อาคารศูนย์การค้าไอทีสแควร์ชั้น2ห้องB38ถนนกำแพงเพชร6ตลาดบางเขนหลักสี่กรุงเทพมหานคร10210
2025-09-22T14:06:36.043706+0700 INFO Order: 2509225RJE3MKM outer_Exception_Error!! 'dict' object has no attribute 'loc'
2025-09-22T14:07:31.820210+0700 INFO Order: 2509225RJE3MKM Start!!
2025-09-22T14:07:38.505403+0700 INFO 2509225RJE3MKM: compare self.current_address & self.desired_full_address
2025-09-22T14:07:38.507400+0700 INFO 70/72หมู่4หมู่บ้านพฤกษา47/2ท้ายบ้านเมืองสมุทรปราการสมุทรปราการ10270
2025-09-22T14:07:38.512825+0700 INFO 333อาคารศูนย์การค้าไอทีสแควร์ชั้น2ห้องB38ถนนกำแพงเพชร6ตลาดบางเขนหลักสี่กรุงเทพมหานคร10210
2025-09-22T14:08:13.466208+0700 INFO Order: 2509225RJE3MKM outer_Exception_Error!! 'dict' object has no attribute 'loc'
2025-09-22T14:08:43.410487+0700 INFO Order: 2509225RJE3MKM Start!!
2025-09-22T14:08:50.365590+0700 INFO Order: 2509225RJE3MKM outer_Exception_Error!! 'dict' object has no attribute 'loc'
2025-09-22T14:08:55.249050+0700 INFO Order: 2509225RJE3MKM Start!!
2025-09-22T14:09:02.870055+0700 INFO Order: 2509225RJE3MKM outer_Exception_Error!! 'dict' object has no attribute 'loc'
2025-09-22T14:09:07.414010+0700 INFO Order: 2509225RJE3MKM Start!!
2025-09-22T14:09:16.021622+0700 INFO Order: 2509225RJE3MKM outer_Exception_Error!! 'dict' object has no attribute 'loc'
2025-09-22T14:09:20.358804+0700 INFO Order: 2509225RJE3MKM Start!!
2025-09-22T14:09:27.267276+0700 INFO Order: 2509225RJE3MKM outer_Exception_Error!! 'dict' object has no attribute 'loc'
2025-09-22T14:11:07.463890+0700 INFO Order: 2509212MXMAG7K Start!!
2025-09-22T14:11:21.505067+0700 INFO 2509212MXMAG7K: cusname is Not Duplicated
2025-09-22T14:11:28.140490+0700 INFO Order: 2509213058SC40 Start!!
2025-09-22T14:11:42.799344+0700 INFO 2509213058SC40: cusname is Not Duplicated
2025-09-22T14:12:22.081760+0700 INFO Order: 2509213F3CMX4R Start!!
2025-09-22T14:12:37.675093+0700 INFO 2509213F3CMX4R: cusname is Not Duplicated
2025-09-22T14:12:43.411503+0700 INFO Order: 2509213FTBWT7G Start!!
2025-09-22T14:12:52.714743+0700 INFO Order: 2509213HRQ17M5 Start!!
2025-09-22T14:13:02.830292+0700 INFO Order: 2509213HRQ17M5 outer_Exception_Error!! Message: element click intercepted: Element <button class="btn btn-sm btn-outline btn-primary " type="button" id="newMember" ng-click="findNewMember(true);" ng-hide="_readOnlyPage === '1'" ng-show="posbook.data.transactionTypeId === undefined || (posbook.data.transactionTypeId === 91200001 &amp;&amp; posbook.data.orderStatus.lookupMasterId !== 10820007)" title="">...</button> is not clickable at point (1362, 426). Other element would receive the click: <textarea class="form-control validate ng-valid ng-valid-maxlength ng-dirty ng-touched ng-empty" rows="4" maxlength="150" placeholder="Define 150 digits." validate-special-character="" check-sc="',&amp;" style="resize: none;" id="addressCustomer" name="addressCustomer" ng-model="memberNew.data.dataOfMemberAddress.custAddress" title=""></textarea>
  (Session info: chrome=140.0.7339.185)
Stacktrace:
	GetHandleVerifier [0x0x7ff6587a6b25+79621]
	GetHandleVerifier [0x0x7ff6587a6b80+79712]
	(No symbol) [0x0x7ff65853c0ea]
	(No symbol) [0x0x7ff65859af69]
	(No symbol) [0x0x7ff658598902]
	(No symbol) [0x0x7ff658595941]
	(No symbol) [0x0x7ff658594831]
	(No symbol) [0x0x7ff658586078]
	(No symbol) [0x0x7ff6585bb13a]
	(No symbol) [0x0x7ff658585926]
	(No symbol) [0x0x7ff6585bb350]
	(No symbol) [0x0x7ff6585e33d0]
	(No symbol) [0x0x7ff6585baf13]
	(No symbol) [0x0x7ff658584151]
	(No symbol) [0x0x7ff658584ee3]
	GetHandleVerifier [0x0x7ff658a6683d+2962461]
	GetHandleVerifier [0x0x7ff658a60b5d+2938685]
	GetHandleVerifier [0x0x7ff658a7f71d+3064573]
	GetHandleVerifier [0x0x7ff6587c0c6e+186446]
	GetHandleVerifier [0x0x7ff6587c8a3f+218655]
	GetHandleVerifier [0x0x7ff6587af914+115956]
	GetHandleVerifier [0x0x7ff6587afac9+116393]
	GetHandleVerifier [0x0x7ff658795ef8+10968]
	BaseThreadInitThunk [0x0x7ffb5d7be8d7+23]
	RtlUserThreadStart [0x0x7ffb5e068d9c+44]

2025-09-22T14:13:03.388642+0700 INFO Order: 2509213NN6EUWM Start!!
2025-09-22T14:13:18.858992+0700 INFO 2509213NN6EUWM: cusname is Not Duplicated
2025-09-22T14:13:24.548317+0700 INFO Order: 2509213P4HJXRF Start!!
2025-09-22T14:13:34.589144+0700 INFO Order: 2509213PDNDRKX Start!!
2025-09-22T14:13:45.674501+0700 INFO Order: 2509213PWHS4NJ Start!!
2025-09-22T14:14:07.572279+0700 INFO 2509213PWHS4NJ: cusname is Not Duplicated
2025-09-22T14:14:15.175749+0700 INFO Order: 2509213Q3BPU0N Start!!
2025-09-22T14:14:32.897956+0700 INFO 2509213Q3BPU0N: cusname is Not Duplicated
2025-09-22T14:14:38.784081+0700 INFO Order: 2509213SH11MNJ Start!!
2025-09-22T14:14:53.207875+0700 INFO 2509213SH11MNJ: cusname is Not Duplicated
2025-09-22T14:15:52.460419+0700 INFO Order: 2509213SH11MNJ outer_Exception_Error!! Message: 

2025-09-22T14:15:53.135407+0700 INFO Order: 2509213TPCVHX0 Start!!
2025-09-22T14:16:01.209306+0700 INFO Order: 2509213V5W3SV5 Start!!
2025-09-22T14:16:10.296349+0700 INFO Order: 2509213VMGDMUG Start!!
2025-09-22T14:16:24.969353+0700 INFO 2509213VMGDMUG: cusname is Not Duplicated
2025-09-22T14:16:29.416718+0700 INFO Order: 2509213VMWRM1A Start!!
2025-09-22T14:16:38.537606+0700 INFO Order: 2509213VRG6Y6E Start!!
2025-09-22T14:16:48.633855+0700 INFO Order: 2509213VTQNEN0 Start!!
2025-09-22T14:19:17.240801+0700 INFO Order: 2509213WB2B1WU Start!!
2025-09-22T14:19:28.389683+0700 INFO Order: 2509213X54RJW8 Start!!
2025-09-22T14:19:41.405180+0700 INFO 2509213X54RJW8: cusname is Not Duplicated
2025-09-22T14:19:45.500003+0700 INFO Order: 2509213X6AW0VA Start!!
2025-09-22T14:20:35.671643+0700 INFO 2509213X6AW0VA: cusname is Not Duplicated
2025-09-22T14:20:39.794069+0700 INFO Order: 2509213XRW1RHN Start!!
2025-09-22T14:20:57.005028+0700 INFO 2509213XRW1RHN: cusname is Not Duplicated
2025-09-22T14:21:01.980681+0700 INFO Order: 2509213Y6SDQM1 Start!!
2025-09-22T14:21:12.008839+0700 INFO Order: 2509213YT5AC4T Start!!
2025-09-22T14:21:22.173504+0700 INFO Order: 2509213YTHQMUY Start!!
2025-09-22T14:21:37.039284+0700 INFO 2509213YTHQMUY: cusname is Not Duplicated
2025-09-22T14:21:43.493745+0700 INFO Order: 250921408QNMJH Start!!
2025-09-22T14:21:52.618676+0700 INFO Order: 25092140VJV9E9 Start!!
2025-09-22T14:22:05.709166+0700 INFO 25092140VJV9E9: cusname is Not Duplicated
2025-09-22T14:22:43.375240+0700 INFO Order: 25092140VJV9E9 outer_Exception_Error!! HTTPConnectionPool(host='localhost', port=61558): Max retries exceeded with url: /session/7b0b7ef57cd97c7cf7982e2333120df2/element (Caused by NewConnectionError('<urllib3.connection.HTTPConnection object at 0x000001B43444C770>: Failed to establish a new connection: [WinError 10061] No connection could be made because the target machine actively refused it'))
2025-09-22T14:25:15.514960+0700 INFO Order: 2509213HRQ17M5 Start!!
2025-09-22T14:25:30.219424+0700 INFO 2509213HRQ17M5: cusname is Not Duplicated
2025-09-22T14:26:28.232739+0700 INFO Order: 2509213HRQ17M5 outer_Exception_Error!! Message: 

2025-09-22T14:26:28.870509+0700 INFO Order: 2509213SH11MNJ Start!!
2025-09-22T14:26:48.015870+0700 INFO Order: 25092140VJV9E9 Start!!
2025-09-22T14:26:57.059742+0700 INFO Order: 250921417FUGYC Start!!
2025-09-22T14:27:08.175338+0700 INFO Order: 25092141K6N4WT Start!!
2025-09-22T14:27:18.078445+0700 INFO Order: 25092141K6N4WT outer_Exception_Error!! Message: element click intercepted: Element <button class="btn btn-sm btn-outline btn-primary " type="button" id="newMember" ng-click="findNewMember(true);" ng-hide="_readOnlyPage === '1'" ng-show="posbook.data.transactionTypeId === undefined || (posbook.data.transactionTypeId === 91200001 &amp;&amp; posbook.data.orderStatus.lookupMasterId !== 10820007)" title="">...</button> is not clickable at point (1362, 426). Other element would receive the click: <textarea class="form-control validate ng-valid ng-valid-maxlength ng-dirty ng-touched ng-empty" rows="4" maxlength="150" placeholder="Define 150 digits." validate-special-character="" check-sc="',&amp;" style="resize: none;" id="addressCustomer" name="addressCustomer" ng-model="memberNew.data.dataOfMemberAddress.custAddress" title=""></textarea>
  (Session info: chrome=140.0.7339.185)
Stacktrace:
	GetHandleVerifier [0x0x7ff6587a6b25+79621]
	GetHandleVerifier [0x0x7ff6587a6b80+79712]
	(No symbol) [0x0x7ff65853c0ea]
	(No symbol) [0x0x7ff65859af69]
	(No symbol) [0x0x7ff658598902]
	(No symbol) [0x0x7ff658595941]
	(No symbol) [0x0x7ff658594831]
	(No symbol) [0x0x7ff658586078]
	(No symbol) [0x0x7ff6585bb13a]
	(No symbol) [0x0x7ff658585926]
	(No symbol) [0x0x7ff6585bb350]
	(No symbol) [0x0x7ff6585e33d0]
	(No symbol) [0x0x7ff6585baf13]
	(No symbol) [0x0x7ff658584151]
	(No symbol) [0x0x7ff658584ee3]
	GetHandleVerifier [0x0x7ff658a6683d+2962461]
	GetHandleVerifier [0x0x7ff658a60b5d+2938685]
	GetHandleVerifier [0x0x7ff658a7f71d+3064573]
	GetHandleVerifier [0x0x7ff6587c0c6e+186446]
	GetHandleVerifier [0x0x7ff6587c8a3f+218655]
	GetHandleVerifier [0x0x7ff6587af914+115956]
	GetHandleVerifier [0x0x7ff6587afac9+116393]
	GetHandleVerifier [0x0x7ff658795ef8+10968]
	BaseThreadInitThunk [0x0x7ffb5d7be8d7+23]
	RtlUserThreadStart [0x0x7ffb5e068d9c+44]

2025-09-22T14:27:19.254922+0700 INFO Order: 25092141KQVF3P Start!!
2025-09-22T14:27:32.528991+0700 INFO 25092141KQVF3P: cusname is Not Duplicated
2025-09-22T14:28:31.030784+0700 INFO Order: 25092141KQVF3P outer_Exception_Error!! Message: 

2025-09-22T14:28:31.568148+0700 INFO Order: 25092141WCUXXB Start!!
2025-09-22T14:28:40.665794+0700 INFO Order: 250921424CYW9F Start!!
2025-09-22T14:28:49.753981+0700 INFO Order: 250921424V7CTF Start!!
2025-09-22T14:29:00.869879+0700 INFO Order: 25092142H0AJ5F Start!!
2025-09-22T14:29:15.972113+0700 INFO Order: 25092142N408U3 Start!!
2025-09-22T14:30:03.268878+0700 INFO Order: 25092142Q6QM5M Start!!
2025-09-22T14:30:19.810401+0700 INFO 25092142Q6QM5M: cusname is Not Duplicated
2025-09-22T14:30:25.385612+0700 INFO Order: 25092142X230S4 Start!!
2025-09-22T14:30:30.745310+0700 INFO Order: 25092142X230S4 outer_Exception_Error!! main thread is not in main loop
2025-09-22T14:32:21.293804+0700 INFO Order: 2509213HRQ17M5 Start!!
2025-09-22T14:32:30.465371+0700 INFO Order: 25092141K6N4WT Start!!
2025-09-22T14:32:44.777048+0700 INFO 25092141K6N4WT: cusname is Not Duplicated
2025-09-22T14:33:16.617215+0700 INFO Order: 25092141KQVF3P Start!!
2025-09-22T14:33:25.751437+0700 INFO Order: 25092142X230S4 Start!!
2025-09-22T14:33:37.866768+0700 INFO Order: 25092142XQ2KYC Start!!
2025-09-22T14:33:54.446847+0700 INFO 25092142XQ2KYC: cusname is Not Duplicated
2025-09-22T14:35:24.678452+0700 INFO Order: 25092142Y86XF2 Start!!
2025-09-22T14:35:37.495279+0700 INFO Order: 250921437M6GAQ Start!!
2025-09-22T14:35:50.134848+0700 INFO Order: 2509214398NFHC Start!!
2025-09-22T14:36:06.821522+0700 INFO Order: 25092143JTSQ3T Start!!
2025-09-22T14:36:14.718424+0700 INFO Order: 25092143JTSQ3T outer_Exception_Error!! Message: no such element: Unable to locate element: {"method":"xpath","selector":"/html/body/span/span/span[2]/ul/li"}
  (Session info: chrome=140.0.7339.185); For documentation on this error, please visit: https://www.selenium.dev/documentation/webdriver/troubleshooting/errors#no-such-element-exception
Stacktrace:
	GetHandleVerifier [0x0x7ff6587a6b25+79621]
	GetHandleVerifier [0x0x7ff6587a6b80+79712]
	(No symbol) [0x0x7ff65853c0ea]
	(No symbol) [0x0x7ff658592f56]
	(No symbol) [0x0x7ff65859320c]
	(No symbol) [0x0x7ff6585e65b7]
	(No symbol) [0x0x7ff6585bb17f]
	(No symbol) [0x0x7ff6585e33d0]
	(No symbol) [0x0x7ff6585baf13]
	(No symbol) [0x0x7ff658584151]
	(No symbol) [0x0x7ff658584ee3]
	GetHandleVerifier [0x0x7ff658a6683d+2962461]
	GetHandleVerifier [0x0x7ff658a60b5d+2938685]
	GetHandleVerifier [0x0x7ff658a7f71d+3064573]
	GetHandleVerifier [0x0x7ff6587c0c6e+186446]
	GetHandleVerifier [0x0x7ff6587c8a3f+218655]
	GetHandleVerifier [0x0x7ff6587af914+115956]
	GetHandleVerifier [0x0x7ff6587afac9+116393]
	GetHandleVerifier [0x0x7ff658795ef8+10968]
	BaseThreadInitThunk [0x0x7ffb5d7be8d7+23]
	RtlUserThreadStart [0x0x7ffb5e068d9c+44]

2025-09-22T14:37:56.354368+0700 INFO Order: 25092143JTSQ3T Start!!
2025-09-22T14:38:07.322350+0700 INFO Order: 25092143JTSQ3T outer_Exception_Error!! [Errno 13] Permission denied: 'C:/Users/BCP_27/Documents/GitHub/Python/test/tkinter_test/Accel_mode.xlsx'
2025-09-22T14:38:08.398388+0700 INFO Order: 25092143RTFBTJ Start!!
2025-09-22T14:38:18.750011+0700 INFO Order: 25092143RTFBTJ outer_Exception_Error!! [Errno 13] Permission denied: 'C:/Users/BCP_27/Documents/GitHub/Python/test/tkinter_test/Accel_mode.xlsx'
2025-09-22T14:38:19.506230+0700 INFO Order: 250921440VXXCY Start!!
2025-09-22T14:38:27.942094+0700 INFO Order: 250921440VXXCY outer_Exception_Error!! [Errno 13] Permission denied: 'C:/Users/BCP_27/Documents/GitHub/Python/test/tkinter_test/Accel_mode.xlsx'
2025-09-22T14:38:28.567964+0700 INFO Order: 25092144BKAPN5 Start!!
2025-09-22T14:38:36.825913+0700 INFO Order: 25092144BKAPN5 outer_Exception_Error!! [Errno 13] Permission denied: 'C:/Users/BCP_27/Documents/GitHub/Python/test/tkinter_test/Accel_mode.xlsx'
2025-09-22T14:38:37.622647+0700 INFO Order: 25092144FH49DK Start!!
2025-09-22T14:38:45.719782+0700 INFO Order: 25092144FH49DK outer_Exception_Error!! [Errno 13] Permission denied: 'C:/Users/BCP_27/Documents/GitHub/Python/test/tkinter_test/Accel_mode.xlsx'
2025-09-22T14:38:46.694843+0700 INFO Order: 25092144J53XYB Start!!
2025-09-22T14:38:55.585577+0700 INFO Order: 25092144J53XYB outer_Exception_Error!! [Errno 13] Permission denied: 'C:/Users/BCP_27/Documents/GitHub/Python/test/tkinter_test/Accel_mode.xlsx'
2025-09-22T14:38:56.756787+0700 INFO Order: 25092144S7390U Start!!
2025-09-22T14:39:06.385160+0700 INFO Order: 25092144S7390U outer_Exception_Error!! [Errno 13] Permission denied: 'C:/Users/BCP_27/Documents/GitHub/Python/test/tkinter_test/Accel_mode.xlsx'
2025-09-22T14:39:06.914078+0700 INFO Order: 250921452BWYD7 Start!!
2025-09-22T14:39:22.382869+0700 INFO 250921452BWYD7: cusname is Not Duplicated
2025-09-22T14:39:28.164066+0700 INFO Order: 250921452BWYD7 outer_Exception_Error!! [Errno 13] Permission denied: 'C:/Users/BCP_27/Documents/GitHub/Python/test/tkinter_test/Accel_mode.xlsx'
2025-09-22T14:39:29.113648+0700 INFO Order: 250921457Y4MAD Start!!
2025-09-22T14:39:38.130801+0700 INFO Order: 250921457Y4MAD outer_Exception_Error!! [Errno 13] Permission denied: 'C:/Users/BCP_27/Documents/GitHub/Python/test/tkinter_test/Accel_mode.xlsx'
2025-09-22T14:39:39.104842+0700 INFO Order: 250921459866CE Start!!
2025-09-22T14:39:47.900163+0700 INFO Order: 250921459866CE outer_Exception_Error!! [Errno 13] Permission denied: 'C:/Users/BCP_27/Documents/GitHub/Python/test/tkinter_test/Accel_mode.xlsx'
2025-09-22T14:39:49.142584+0700 INFO Order: 25092145BT5TXE Start!!
2025-09-22T14:39:57.248207+0700 INFO Order: 25092145BT5TXE outer_Exception_Error!! [Errno 13] Permission denied: 'C:/Users/BCP_27/Documents/GitHub/Python/test/tkinter_test/Accel_mode.xlsx'
2025-09-22T14:39:58.208284+0700 INFO Order: 25092145CUKHVP Start!!
2025-09-22T14:40:06.524643+0700 INFO Order: 25092145CUKHVP outer_Exception_Error!! [Errno 13] Permission denied: 'C:/Users/BCP_27/Documents/GitHub/Python/test/tkinter_test/Accel_mode.xlsx'
2025-09-22T14:40:07.304264+0700 INFO Order: 25092145Y292M4 Start!!
2025-09-22T14:40:22.249974+0700 INFO 25092145Y292M4: cusname is Not Duplicated
2025-09-22T14:40:26.505808+0700 INFO Order: 25092145Y292M4 outer_Exception_Error!! [Errno 13] Permission denied: 'C:/Users/BCP_27/Documents/GitHub/Python/test/tkinter_test/Accel_mode.xlsx'
2025-09-22T14:40:27.458349+0700 INFO Order: 250921462C4SY1 Start!!
2025-09-22T14:40:37.409881+0700 INFO Order: 250921462C4SY1 outer_Exception_Error!! Message: element click intercepted: Element <button class="btn btn-sm btn-outline btn-primary " type="button" id="newMember" ng-click="findNewMember(true);" ng-hide="_readOnlyPage === '1'" ng-show="posbook.data.transactionTypeId === undefined || (posbook.data.transactionTypeId === 91200001 &amp;&amp; posbook.data.orderStatus.lookupMasterId !== 10820007)" title="">...</button> is not clickable at point (1362, 426). Other element would receive the click: <textarea class="form-control validate ng-valid ng-valid-maxlength ng-dirty ng-touched ng-empty" rows="4" maxlength="150" placeholder="Define 150 digits." validate-special-character="" check-sc="',&amp;" style="resize: none;" id="addressCustomer" name="addressCustomer" ng-model="memberNew.data.dataOfMemberAddress.custAddress" title=""></textarea>
  (Session info: chrome=140.0.7339.185)
Stacktrace:
	GetHandleVerifier [0x0x7ff7938f6b25+79621]
	GetHandleVerifier [0x0x7ff7938f6b80+79712]
	(No symbol) [0x0x7ff79368c0ea]
	(No symbol) [0x0x7ff7936eaf69]
	(No symbol) [0x0x7ff7936e8902]
	(No symbol) [0x0x7ff7936e5941]
	(No symbol) [0x0x7ff7936e4831]
	(No symbol) [0x0x7ff7936d6078]
	(No symbol) [0x0x7ff79370b13a]
	(No symbol) [0x0x7ff7936d5926]
	(No symbol) [0x0x7ff79370b350]
	(No symbol) [0x0x7ff7937333d0]
	(No symbol) [0x0x7ff79370af13]
	(No symbol) [0x0x7ff7936d4151]
	(No symbol) [0x0x7ff7936d4ee3]
	GetHandleVerifier [0x0x7ff793bb683d+2962461]
	GetHandleVerifier [0x0x7ff793bb0b5d+2938685]
	GetHandleVerifier [0x0x7ff793bcf71d+3064573]
	GetHandleVerifier [0x0x7ff793910c6e+186446]
	GetHandleVerifier [0x0x7ff793918a3f+218655]
	GetHandleVerifier [0x0x7ff7938ff914+115956]
	GetHandleVerifier [0x0x7ff7938ffac9+116393]
	GetHandleVerifier [0x0x7ff7938e5ef8+10968]
	BaseThreadInitThunk [0x0x7ffb5d7be8d7+23]
	RtlUserThreadStart [0x0x7ffb5e068d9c+44]

2025-09-22T14:40:38.552843+0700 INFO Order: 250921462F12K8 Start!!
2025-09-22T14:40:47.434549+0700 INFO Order: 250921462F12K8 outer_Exception_Error!! [Errno 13] Permission denied: 'C:/Users/BCP_27/Documents/GitHub/Python/test/tkinter_test/Accel_mode.xlsx'
2025-09-22T14:40:48.602355+0700 INFO Order: 250921467RSEVU Start!!
2025-09-22T14:40:56.753883+0700 INFO Order: 250921467RSEVU outer_Exception_Error!! [Errno 13] Permission denied: 'C:/Users/BCP_27/Documents/GitHub/Python/test/tkinter_test/Accel_mode.xlsx'
2025-09-22T14:40:57.695711+0700 INFO Order: 250921468KDMB0 Start!!
2025-09-22T14:41:05.237894+0700 INFO Order: 250921468KDMB0 outer_Exception_Error!! [Errno 13] Permission denied: 'C:/Users/BCP_27/Documents/GitHub/Python/test/tkinter_test/Accel_mode.xlsx'
2025-09-22T14:41:05.802258+0700 INFO Order: 25092146AWVC91 Start!!
2025-09-22T14:41:20.863993+0700 INFO 25092146AWVC91: cusname is Not Duplicated
2025-09-22T14:41:25.865516+0700 INFO Order: 25092146AWVC91 outer_Exception_Error!! [Errno 13] Permission denied: 'C:/Users/BCP_27/Documents/GitHub/Python/test/tkinter_test/Accel_mode.xlsx'
2025-09-22T14:41:26.924055+0700 INFO Order: 25092146EWN84Q Start!!
2025-09-22T14:41:41.027582+0700 INFO 25092146EWN84Q: cusname is Not Duplicated
2025-09-22T14:41:45.309538+0700 INFO Order: 25092146EWN84Q outer_Exception_Error!! [Errno 13] Permission denied: 'C:/Users/BCP_27/Documents/GitHub/Python/test/tkinter_test/Accel_mode.xlsx'
2025-09-22T14:41:46.019417+0700 INFO Order: 250921473GM0G3 Start!!
2025-09-22T14:41:55.722639+0700 INFO Order: 250921473GM0G3 outer_Exception_Error!! [Errno 13] Permission denied: 'C:/Users/BCP_27/Documents/GitHub/Python/test/tkinter_test/Accel_mode.xlsx'
2025-09-22T14:41:56.129299+0700 INFO Order: 2509214747H2PH Start!!
2025-09-22T14:42:05.782769+0700 INFO Order: 2509214747H2PH outer_Exception_Error!! [Errno 13] Permission denied: 'C:/Users/BCP_27/Documents/GitHub/Python/test/tkinter_test/Accel_mode.xlsx'
2025-09-22T14:42:06.212845+0700 INFO Order: 2509214778TX38 Start!!
2025-09-22T14:42:15.088711+0700 INFO Order: 2509214778TX38 outer_Exception_Error!! [Errno 13] Permission denied: 'C:/Users/BCP_27/Documents/GitHub/Python/test/tkinter_test/Accel_mode.xlsx'
2025-09-22T14:42:16.317167+0700 INFO Order: 25092147D8GSX8 Start!!
2025-09-22T14:42:23.767896+0700 INFO Order: 25092147D8GSX8 outer_Exception_Error!! [Errno 13] Permission denied: 'C:/Users/BCP_27/Documents/GitHub/Python/test/tkinter_test/Accel_mode.xlsx'
2025-09-22T14:42:24.383746+0700 INFO Order: 25092147DJYVXQ Start!!
2025-09-22T14:42:39.685641+0700 INFO 25092147DJYVXQ: cusname is Not Duplicated
2025-09-22T14:42:50.634647+0700 INFO Order: 25092147DJYVXQ outer_Exception_Error!! [Errno 13] Permission denied: 'C:/Users/BCP_27/Documents/GitHub/Python/test/tkinter_test/Accel_mode.xlsx'
2025-09-22T14:42:51.534364+0700 INFO Order: 2509214854CABR Start!!
2025-09-22T14:43:02.802187+0700 INFO Order: 2509214854CABR outer_Exception_Error!! [Errno 13] Permission denied: 'C:/Users/BCP_27/Documents/GitHub/Python/test/tkinter_test/Accel_mode.xlsx'
2025-09-22T14:43:03.644770+0700 INFO Order: 25092148JAUTCX Start!!
2025-09-22T14:43:12.797466+0700 INFO Order: 25092148JAUTCX outer_Exception_Error!! [Errno 13] Permission denied: 'C:/Users/BCP_27/Documents/GitHub/Python/test/tkinter_test/Accel_mode.xlsx'
2025-09-22T14:43:13.836311+0700 INFO Order: 25092148PFDR0T Start!!
2025-09-22T14:43:22.201951+0700 INFO Order: 25092148PFDR0T outer_Exception_Error!! [Errno 13] Permission denied: 'C:/Users/BCP_27/Documents/GitHub/Python/test/tkinter_test/Accel_mode.xlsx'
2025-09-22T14:43:22.830998+0700 INFO Order: 250921496S1FG9 Start!!
2025-09-22T14:43:31.764218+0700 INFO Order: 250921496S1FG9 outer_Exception_Error!! [Errno 13] Permission denied: 'C:/Users/BCP_27/Documents/GitHub/Python/test/tkinter_test/Accel_mode.xlsx'
2025-09-22T14:43:32.873653+0700 INFO Order: 25092149FN92Q0 Start!!
2025-09-22T14:43:41.880760+0700 INFO Order: 25092149FN92Q0 outer_Exception_Error!! [Errno 13] Permission denied: 'C:/Users/BCP_27/Documents/GitHub/Python/test/tkinter_test/Accel_mode.xlsx'
2025-09-22T14:43:42.965981+0700 INFO Order: 25092149NKYS7V Start!!
2025-09-22T14:44:23.001922+0700 INFO Order: 25092149NKYS7V outer_Exception_Error!! [Errno 13] Permission denied: 'C:/Users/BCP_27/Documents/GitHub/Python/test/tkinter_test/Accel_mode.xlsx'
2025-09-22T14:44:24.115965+0700 INFO Order: 25092149QD5Q2A Start!!
2025-09-22T14:44:32.410467+0700 INFO Order: 25092149QD5Q2A outer_Exception_Error!! [Errno 13] Permission denied: 'C:/Users/BCP_27/Documents/GitHub/Python/test/tkinter_test/Accel_mode.xlsx'
2025-09-22T14:44:33.285212+0700 INFO Order: 25092149YBTNV5 Start!!
2025-09-22T14:44:40.919440+0700 INFO Order: 25092149YBTNV5 outer_Exception_Error!! [Errno 13] Permission denied: 'C:/Users/BCP_27/Documents/GitHub/Python/test/tkinter_test/Accel_mode.xlsx'
2025-09-22T14:44:41.346737+0700 INFO Order: 2509214B23V45M Start!!
2025-09-22T14:44:48.797011+0700 INFO Order: 2509214B23V45M outer_Exception_Error!! [Errno 13] Permission denied: 'C:/Users/BCP_27/Documents/GitHub/Python/test/tkinter_test/Accel_mode.xlsx'
2025-09-22T14:44:49.385893+0700 INFO Order: 2509214C85PVDA Start!!
2025-09-22T14:44:57.649691+0700 INFO Order: 2509214C85PVDA outer_Exception_Error!! [Errno 13] Permission denied: 'C:/Users/BCP_27/Documents/GitHub/Python/test/tkinter_test/Accel_mode.xlsx'
2025-09-22T14:44:58.432960+0700 INFO Order: 2509214D3AGNBN Start!!
2025-09-22T14:45:05.941005+0700 INFO Order: 2509214D3AGNBN outer_Exception_Error!! [Errno 13] Permission denied: 'C:/Users/BCP_27/Documents/GitHub/Python/test/tkinter_test/Accel_mode.xlsx'
2025-09-22T14:45:06.492360+0700 INFO Order: 2509214DRATGHB Start!!
2025-09-22T14:45:16.857845+0700 INFO Order: 2509214DRATGHB outer_Exception_Error!! [Errno 13] Permission denied: 'C:/Users/BCP_27/Documents/GitHub/Python/test/tkinter_test/Accel_mode.xlsx'
2025-09-22T14:45:17.578583+0700 INFO Order: 2509214DX6MVC8 Start!!
2025-09-22T14:45:25.867925+0700 INFO Order: 2509214DX6MVC8 outer_Exception_Error!! [Errno 13] Permission denied: 'C:/Users/BCP_27/Documents/GitHub/Python/test/tkinter_test/Accel_mode.xlsx'
2025-09-22T14:45:26.630962+0700 INFO Order: 2509214F005JH2 Start!!
2025-09-22T14:45:36.299139+0700 INFO Order: 2509214F005JH2 outer_Exception_Error!! [Errno 13] Permission denied: 'C:/Users/BCP_27/Documents/GitHub/Python/test/tkinter_test/Accel_mode.xlsx'
2025-09-22T14:45:36.793854+0700 INFO Order: 2509214G2BPFGG Start!!
2025-09-22T14:45:45.000110+0700 INFO Order: 2509214G2BPFGG outer_Exception_Error!! [Errno 13] Permission denied: 'C:/Users/BCP_27/Documents/GitHub/Python/test/tkinter_test/Accel_mode.xlsx'
2025-09-22T14:45:45.821666+0700 INFO Order: 2509214GNF2UJ4 Start!!
2025-09-22T14:45:53.526878+0700 INFO Order: 2509214GNF2UJ4 outer_Exception_Error!! [Errno 13] Permission denied: 'C:/Users/BCP_27/Documents/GitHub/Python/test/tkinter_test/Accel_mode.xlsx'
2025-09-22T14:45:54.028601+0700 INFO Order: 2509214GR2YAVF Start!!
2025-09-22T14:46:07.798359+0700 INFO 2509214GR2YAVF: cusname is Not Duplicated
2025-09-22T14:46:37.180386+0700 INFO Order: 2509214H0C2N84 Start!!
2025-09-22T14:46:47.582934+0700 INFO Order: 2509214H0C2N84 outer_Exception_Error!! [Errno 13] Permission denied: 'C:/Users/BCP_27/Documents/GitHub/Python/test/tkinter_test/Accel_mode.xlsx'
2025-09-22T14:46:48.345997+0700 INFO Order: 2509214H5J0YHG Start!!
2025-09-22T14:47:02.477148+0700 INFO 2509214H5J0YHG: cusname is Not Duplicated
2025-09-22T14:47:41.546144+0700 INFO Order: 2509214HHDJEAU Start!!
2025-09-22T14:47:50.633319+0700 INFO Order: 2509214HVCGXEM Start!!
2025-09-22T14:48:03.800124+0700 INFO 2509214HVCGXEM: cusname is Not Duplicated
2025-09-22T14:48:27.814519+0700 INFO Order: 2509214HWPG9GK Start!!
2025-09-22T14:48:44.967876+0700 INFO Order: 2509214J8589XA Start!!
2025-09-22T14:48:56.041854+0700 INFO Order: 2509214JKWW3CD Start!!
2025-09-22T14:49:06.186325+0700 INFO Order: 2509214JPSHFAV Start!!
2025-09-22T14:49:16.463439+0700 INFO Order: 2509214K7T2DW3 Start!!
2025-09-22T14:49:29.389389+0700 INFO Order: 2509214KC0F8WS Start!!
2025-09-22T14:49:38.406897+0700 INFO Order: 2509214KP7KSU9 Start!!
2025-09-22T14:49:47.486192+0700 INFO Order: 2509214KXYYCGU Start!!
2025-09-22T14:49:57.559883+0700 INFO Order: 2509214M5QJ2A7 Start!!
2025-09-22T14:50:07.755847+0700 INFO Order: 2509214MAYAYNB Start!!
2025-09-22T14:50:18.796153+0700 INFO Order: 2509214MF3Y6BK Start!!
2025-09-22T14:50:28.921116+0700 INFO Order: 2509214MRCGRX9 Start!!
2025-09-22T14:50:37.970022+0700 INFO Order: 2509214MUV5ANB Start!!
2025-09-22T14:50:51.233279+0700 INFO 2509214MUV5ANB: cusname is Not Duplicated
2025-09-22T14:50:56.338985+0700 INFO Order: 2509214N1FDT0H Start!!
2025-09-22T14:51:05.231845+0700 INFO Order: 2509214N8DKTXH Start!!
2025-09-22T14:51:15.445149+0700 INFO Order: 2509214NM4EB6S Start!!
2025-09-22T14:51:25.490841+0700 INFO Order: 2509214PDSHEF0 Start!!
2025-09-22T14:51:44.094328+0700 INFO Order: 2509214PKGMEGA Start!!
2025-09-22T14:51:54.147376+0700 INFO Order: 2509214PXHEB2U Start!!
2025-09-22T14:52:04.158264+0700 INFO Order: 2509214Q0319AD Start!!
2025-09-22T14:52:14.298308+0700 INFO Order: 2509214Q0DJN4Y Start!!
2025-09-22T14:52:24.439615+0700 INFO Order: 2509214S5VHQM4 Start!!
2025-09-22T14:52:34.475919+0700 INFO Order: 2509214SGD7DXE Start!!
2025-09-22T14:52:44.741738+0700 INFO Order: 2509214SH0B7TG Start!!
2025-09-22T14:52:54.656513+0700 INFO Order: 2509214SUC7DXF Start!!
2025-09-22T14:53:04.732514+0700 INFO Order: 2509214T5EFHQP Start!!
2025-09-22T14:53:15.930208+0700 INFO Order: 2509214T6MQ1YS Start!!
2025-09-22T14:53:23.910142+0700 INFO Order: 2509214TCNAS36 Start!!
2025-09-22T14:53:34.060926+0700 INFO Order: 2509214TMJ241U Start!!
2025-09-22T14:54:09.296578+0700 INFO Order: 2509214TTCWTHH Start!!
2025-09-22T14:54:20.532569+0700 INFO Order: 2509214U17B1DU Start!!
2025-09-22T14:54:31.456538+0700 INFO Order: 2509214UBEE483 Start!!
2025-09-22T14:54:41.806832+0700 INFO Order: 2509214V9DUY23 Start!!
2025-09-22T14:54:51.615148+0700 INFO Order: 2509214VAEABCH Start!!
2025-09-22T14:55:01.733416+0700 INFO Order: 2509214W486FPJ Start!!
2025-09-22T14:55:09.764665+0700 INFO Order: 2509224XCS46T2 Start!!
2025-09-22T14:55:19.862849+0700 INFO Order: 2509224XKEQRD1 Start!!
2025-09-22T14:59:05.583940+0700 INFO Order: 25092143JTSQ3T Start!!
2025-09-22T14:59:15.015916+0700 INFO Order: 25092143RTFBTJ Start!!
2025-09-22T14:59:43.480289+0700 INFO Order: 250921440VXXCY Start!!
2025-09-22T14:59:52.330585+0700 INFO Order: 25092144BKAPN5 Start!!
2025-09-22T15:00:01.341350+0700 INFO Order: 25092144FH49DK Start!!
2025-09-22T15:00:10.435960+0700 INFO Order: 25092144J53XYB Start!!
2025-09-22T15:00:21.758297+0700 INFO Order: 25092144S7390U Start!!
2025-09-22T15:00:32.753721+0700 INFO Order: 250921452BWYD7 Start!!
2025-09-22T15:00:42.725618+0700 INFO Order: 250921457Y4MAD Start!!
2025-09-22T15:00:59.781017+0700 INFO Order: 250921459866CE Start!!
2025-09-22T15:01:11.849474+0700 INFO Order: 25092145BT5TXE Start!!
2025-09-22T15:01:25.903383+0700 INFO Order: 25092145CUKHVP Start!!
2025-09-22T15:01:39.009461+0700 INFO Order: 25092145Y292M4 Start!!
2025-09-22T15:01:49.107611+0700 INFO Order: 250921462C4SY1 Start!!
2025-09-22T15:02:11.366522+0700 INFO 250921462C4SY1: cusname is Not Duplicated
2025-09-22T15:02:18.279016+0700 INFO Order: 250921462F12K8 Start!!
2025-09-22T15:02:29.375320+0700 INFO Order: 250921467RSEVU Start!!
2025-09-22T15:02:39.462496+0700 INFO Order: 250921468KDMB0 Start!!
2025-09-22T15:02:49.506027+0700 INFO Order: 25092146AWVC91 Start!!
2025-09-22T15:02:58.551721+0700 INFO Order: 25092146EWN84Q Start!!
2025-09-22T15:03:07.610467+0700 INFO Order: 250921473GM0G3 Start!!
2025-09-22T15:03:16.665546+0700 INFO Order: 2509214747H2PH Start!!
2025-09-22T15:03:25.744614+0700 INFO Order: 2509214778TX38 Start!!
2025-09-22T15:03:34.870981+0700 INFO Order: 25092147D8GSX8 Start!!
2025-09-22T15:03:42.885084+0700 INFO Order: 25092147DJYVXQ Start!!
2025-09-22T15:03:53.325817+0700 INFO Order: 2509214854CABR Start!!
2025-09-22T15:04:03.091880+0700 INFO Order: 25092148JAUTCX Start!!
2025-09-22T15:04:13.166007+0700 INFO Order: 25092148PFDR0T Start!!
2025-09-22T15:04:22.206146+0700 INFO Order: 250921496S1FG9 Start!!
2025-09-22T15:04:32.258280+0700 INFO Order: 25092149FN92Q0 Start!!
2025-09-22T15:05:05.445382+0700 INFO Order: 25092149NKYS7V Start!!
2025-09-22T15:05:16.523316+0700 INFO Order: 25092149QD5Q2A Start!!
2025-09-22T15:05:28.606480+0700 INFO Order: 25092149YBTNV5 Start!!
2025-09-22T15:06:06.192692+0700 INFO Order: 2509214B23V45M Start!!
2025-09-22T15:06:17.332939+0700 INFO Order: 2509214C85PVDA Start!!
2025-09-22T15:06:27.377294+0700 INFO Order: 2509214D3AGNBN Start!!
2025-09-22T15:06:37.440935+0700 INFO Order: 2509214DRATGHB Start!!
2025-09-22T15:07:20.818225+0700 INFO Order: 2509214DX6MVC8 Start!!
2025-09-22T15:07:32.761353+0700 INFO Order: 2509214F005JH2 Start!!
2025-09-22T15:07:41.861133+0700 INFO Order: 2509214G2BPFGG Start!!
2025-09-22T15:07:50.909949+0700 INFO Order: 2509214GNF2UJ4 Start!!
2025-09-22T15:07:59.069487+0700 INFO Order: 2509214H0C2N84 Start!!
2025-09-22T15:08:08.175263+0700 INFO Order: 2509224XNEMQ3F Start!!
2025-09-22T15:08:22.617840+0700 INFO 2509224XNEMQ3F: cusname is Not Duplicated
2025-09-22T15:08:28.364531+0700 INFO Order: 2509224XPWC5AM Start!!
2025-09-22T15:08:37.390357+0700 INFO Order: 2509224Y1PP4VF Start!!
2025-09-22T15:08:49.578187+0700 INFO Order: 2509224Y1PP4VF outer_Exception_Error!! Message: element click intercepted: Element <button class="btn btn-sm btn-outline btn-primary " type="button" id="newMember" ng-click="findNewMember(true);" ng-hide="_readOnlyPage === '1'" ng-show="posbook.data.transactionTypeId === undefined || (posbook.data.transactionTypeId === 91200001 &amp;&amp; posbook.data.orderStatus.lookupMasterId !== 10820007)" title="">...</button> is not clickable at point (1362, 426). Other element would receive the click: <textarea class="form-control validate ng-valid ng-valid-maxlength ng-dirty ng-touched ng-empty" rows="4" maxlength="150" placeholder="Define 150 digits." validate-special-character="" check-sc="',&amp;" style="resize: none;" id="addressCustomer" name="addressCustomer" ng-model="memberNew.data.dataOfMemberAddress.custAddress" title=""></textarea>
  (Session info: chrome=140.0.7339.185)
Stacktrace:
	GetHandleVerifier [0x0x7ff7cc446b25+79621]
	GetHandleVerifier [0x0x7ff7cc446b80+79712]
	(No symbol) [0x0x7ff7cc1dc0ea]
	(No symbol) [0x0x7ff7cc23af69]
	(No symbol) [0x0x7ff7cc238902]
	(No symbol) [0x0x7ff7cc235941]
	(No symbol) [0x0x7ff7cc234831]
	(No symbol) [0x0x7ff7cc226078]
	(No symbol) [0x0x7ff7cc25b13a]
	(No symbol) [0x0x7ff7cc225926]
	(No symbol) [0x0x7ff7cc25b350]
	(No symbol) [0x0x7ff7cc2833d0]
	(No symbol) [0x0x7ff7cc25af13]
	(No symbol) [0x0x7ff7cc224151]
	(No symbol) [0x0x7ff7cc224ee3]
	GetHandleVerifier [0x0x7ff7cc70683d+2962461]
	GetHandleVerifier [0x0x7ff7cc700b5d+2938685]
	GetHandleVerifier [0x0x7ff7cc71f71d+3064573]
	GetHandleVerifier [0x0x7ff7cc460c6e+186446]
	GetHandleVerifier [0x0x7ff7cc468a3f+218655]
	GetHandleVerifier [0x0x7ff7cc44f914+115956]
	GetHandleVerifier [0x0x7ff7cc44fac9+116393]
	GetHandleVerifier [0x0x7ff7cc435ef8+10968]
	BaseThreadInitThunk [0x0x7ffb5d7be8d7+23]
	RtlUserThreadStart [0x0x7ffb5e068d9c+44]

2025-09-22T15:08:50.421940+0700 INFO Order: 2509224YJKAP5U Start!!
2025-09-22T15:09:00.880829+0700 INFO Order: 2509224YRMWPCJ Start!!
2025-09-22T15:09:09.627766+0700 INFO Order: 2509224YW14YH2 Start!!
2025-09-22T15:09:17.760871+0700 INFO Order: 25092250DP98S8 Start!!
2025-09-22T15:09:38.104566+0700 INFO Order: 25092250DP98S8 outer_Exception_Error!! HTTPConnectionPool(host='localhost', port=53206): Max retries exceeded with url: /session/780145ffcce7b85f6ca8704011933668/element (Caused by NewConnectionError('<urllib3.connection.HTTPConnection object at 0x0000021BF45AC6E0>: Failed to establish a new connection: [WinError 10061] No connection could be made because the target machine actively refused it'))
2025-09-22T15:26:15.131630+0700 INFO Order: 25092143RTFBTJ Start!!
2025-09-22T15:26:27.945048+0700 INFO Order: 2509224Y1PP4VF Start!!
2025-09-22T15:26:40.188871+0700 INFO Order: 25092250DP98S8 Start!!
2025-09-22T15:26:50.176668+0700 INFO Order: 25092250J4A6CY Start!!
2025-09-22T15:27:00.136283+0700 INFO Order: 250922516PCT12 Start!!
2025-09-22T15:27:10.182151+0700 INFO Order: 25092251FFRPEU Start!!
2025-09-22T15:27:24.953393+0700 INFO 25092251FFRPEU: cusname is Not Duplicated
2025-09-22T15:27:41.441437+0700 INFO Order: 25092251KMAEDS Start!!
2025-09-22T15:27:50.433713+0700 INFO Order: 25092251WJS3JS Start!!
2025-09-22T15:27:59.539272+0700 INFO Order: 2509225256XG3G Start!!
2025-09-22T15:28:10.639858+0700 INFO Order: 250922529UQNWK Start!!
2025-09-22T15:28:20.638513+0700 INFO Order: 25092252SCKN82 Start!!
2025-09-22T15:28:34.772958+0700 INFO Order: 25092252TPJCMJ Start!!
2025-09-22T15:28:49.924018+0700 INFO Order: 25092252VDU5U5 Start!!
2025-09-22T15:29:00.958545+0700 INFO Order: 250922550D6E0S Start!!
2025-09-22T15:29:31.085243+0700 INFO Order: 250922563BVUCG Start!!
2025-09-22T15:29:41.271923+0700 INFO Order: 25092256CR8X4J Start!!
2025-09-22T15:29:50.403091+0700 INFO Order: 2509225CVN2NFP Start!!
2025-09-22T15:30:01.320771+0700 INFO Order: 2509225E0XMSQ3 Start!!
2025-09-22T15:30:10.430937+0700 INFO Order: 2509225E96TGWQ Start!!
2025-09-22T15:30:21.433125+0700 INFO Order: 2509225EFG23H0 Start!!
2025-09-22T15:30:32.032735+0700 INFO Order: 2509225ESHECDW Start!!
2025-09-22T15:30:40.907710+0700 INFO Order: 2509225H9NUE36 Start!!
2025-09-22T15:30:49.792547+0700 INFO Order: 2509225N0QS97U Start!!
2025-09-22T15:30:58.900395+0700 INFO Order: 2509225R6W124J Start!!
2025-09-22T15:31:23.900836+0700 INFO Order: 2509225R9RH5CJ Start!!
2025-09-22T15:31:34.041063+0700 INFO Order: 2509225R9UCBU5 Start!!
2025-09-22T15:31:43.121264+0700 INFO Order: 2509225RHCQABM Start!!
2025-09-22T15:31:56.218639+0700 INFO Order: 2509225RN5TDAD Start!!
2025-09-22T15:32:06.354897+0700 INFO Order: 2509225RVVSD7K Start!!
2025-09-22T15:32:10.901162+0700 INFO Order: 2509225RVVSD7K outer_Exception_Error!! Message: no such element: Unable to locate element: {"method":"xpath","selector":"/html/body/div[2]/div[2]/div[2]/div[1]/label/div/button"}
  (Session info: chrome=140.0.7339.185); For documentation on this error, please visit: https://www.selenium.dev/documentation/webdriver/troubleshooting/errors#no-such-element-exception
Stacktrace:
	GetHandleVerifier [0x0x7ff736656b25+79621]
	GetHandleVerifier [0x0x7ff736656b80+79712]
	(No symbol) [0x0x7ff7363ec0ea]
	(No symbol) [0x0x7ff736442f56]
	(No symbol) [0x0x7ff73644320c]
	(No symbol) [0x0x7ff7364965b7]
	(No symbol) [0x0x7ff73646b17f]
	(No symbol) [0x0x7ff7364933d0]
	(No symbol) [0x0x7ff73646af13]
	(No symbol) [0x0x7ff736434151]
	(No symbol) [0x0x7ff736434ee3]
	GetHandleVerifier [0x0x7ff73691683d+2962461]
	GetHandleVerifier [0x0x7ff736910b5d+2938685]
	GetHandleVerifier [0x0x7ff73692f71d+3064573]
	GetHandleVerifier [0x0x7ff736670c6e+186446]
	GetHandleVerifier [0x0x7ff736678a3f+218655]
	GetHandleVerifier [0x0x7ff73665f914+115956]
	GetHandleVerifier [0x0x7ff73665fac9+116393]
	GetHandleVerifier [0x0x7ff736645ef8+10968]
	BaseThreadInitThunk [0x0x7ffb5d7be8d7+23]
	RtlUserThreadStart [0x0x7ffb5e068d9c+44]

2025-09-22T15:32:11.404132+0700 INFO Order: 2509225S02V8BH Start!!
2025-09-22T15:32:15.928894+0700 INFO Order: 2509225S02V8BH outer_Exception_Error!! Message: no such element: Unable to locate element: {"method":"xpath","selector":"/html/body/div[2]/div[2]/div[2]/div[1]/label/div/button"}
  (Session info: chrome=140.0.7339.185); For documentation on this error, please visit: https://www.selenium.dev/documentation/webdriver/troubleshooting/errors#no-such-element-exception
Stacktrace:
	GetHandleVerifier [0x0x7ff736656b25+79621]
	GetHandleVerifier [0x0x7ff736656b80+79712]
	(No symbol) [0x0x7ff7363ec0ea]
	(No symbol) [0x0x7ff736442f56]
	(No symbol) [0x0x7ff73644320c]
	(No symbol) [0x0x7ff7364965b7]
	(No symbol) [0x0x7ff73646b17f]
	(No symbol) [0x0x7ff7364933d0]
	(No symbol) [0x0x7ff73646af13]
	(No symbol) [0x0x7ff736434151]
	(No symbol) [0x0x7ff736434ee3]
	GetHandleVerifier [0x0x7ff73691683d+2962461]
	GetHandleVerifier [0x0x7ff736910b5d+2938685]
	GetHandleVerifier [0x0x7ff73692f71d+3064573]
	GetHandleVerifier [0x0x7ff736670c6e+186446]
	GetHandleVerifier [0x0x7ff736678a3f+218655]
	GetHandleVerifier [0x0x7ff73665f914+115956]
	GetHandleVerifier [0x0x7ff73665fac9+116393]
	GetHandleVerifier [0x0x7ff736645ef8+10968]
	BaseThreadInitThunk [0x0x7ffb5d7be8d7+23]
	RtlUserThreadStart [0x0x7ffb5e068d9c+44]

2025-09-22T15:32:16.404950+0700 INFO Order: 2509225S1MDB7M Start!!
2025-09-22T15:32:21.188781+0700 INFO Order: 2509225S1MDB7M outer_Exception_Error!! Message: no such element: Unable to locate element: {"method":"xpath","selector":"/html/body/div[2]/div[2]/div[2]/div[1]/label/div/button"}
  (Session info: chrome=140.0.7339.185); For documentation on this error, please visit: https://www.selenium.dev/documentation/webdriver/troubleshooting/errors#no-such-element-exception
Stacktrace:
	GetHandleVerifier [0x0x7ff736656b25+79621]
	GetHandleVerifier [0x0x7ff736656b80+79712]
	(No symbol) [0x0x7ff7363ec0ea]
	(No symbol) [0x0x7ff736442f56]
	(No symbol) [0x0x7ff73644320c]
	(No symbol) [0x0x7ff7364965b7]
	(No symbol) [0x0x7ff73646b17f]
	(No symbol) [0x0x7ff7364933d0]
	(No symbol) [0x0x7ff73646af13]
	(No symbol) [0x0x7ff736434151]
	(No symbol) [0x0x7ff736434ee3]
	GetHandleVerifier [0x0x7ff73691683d+2962461]
	GetHandleVerifier [0x0x7ff736910b5d+2938685]
	GetHandleVerifier [0x0x7ff73692f71d+3064573]
	GetHandleVerifier [0x0x7ff736670c6e+186446]
	GetHandleVerifier [0x0x7ff736678a3f+218655]
	GetHandleVerifier [0x0x7ff73665f914+115956]
	GetHandleVerifier [0x0x7ff73665fac9+116393]
	GetHandleVerifier [0x0x7ff736645ef8+10968]
	BaseThreadInitThunk [0x0x7ffb5d7be8d7+23]
	RtlUserThreadStart [0x0x7ffb5e068d9c+44]

2025-09-22T15:32:22.451523+0700 INFO Order: 2509225S3KCJ1J Start!!
2025-09-22T15:32:27.117955+0700 INFO Order: 2509225S3KCJ1J outer_Exception_Error!! Message: no such element: Unable to locate element: {"method":"xpath","selector":"/html/body/div[2]/div[2]/div[2]/div[1]/label/div/button"}
  (Session info: chrome=140.0.7339.185); For documentation on this error, please visit: https://www.selenium.dev/documentation/webdriver/troubleshooting/errors#no-such-element-exception
Stacktrace:
	GetHandleVerifier [0x0x7ff736656b25+79621]
	GetHandleVerifier [0x0x7ff736656b80+79712]
	(No symbol) [0x0x7ff7363ec0ea]
	(No symbol) [0x0x7ff736442f56]
	(No symbol) [0x0x7ff73644320c]
	(No symbol) [0x0x7ff7364965b7]
	(No symbol) [0x0x7ff73646b17f]
	(No symbol) [0x0x7ff7364933d0]
	(No symbol) [0x0x7ff73646af13]
	(No symbol) [0x0x7ff736434151]
	(No symbol) [0x0x7ff736434ee3]
	GetHandleVerifier [0x0x7ff73691683d+2962461]
	GetHandleVerifier [0x0x7ff736910b5d+2938685]
	GetHandleVerifier [0x0x7ff73692f71d+3064573]
	GetHandleVerifier [0x0x7ff736670c6e+186446]
	GetHandleVerifier [0x0x7ff736678a3f+218655]
	GetHandleVerifier [0x0x7ff73665f914+115956]
	GetHandleVerifier [0x0x7ff73665fac9+116393]
	GetHandleVerifier [0x0x7ff736645ef8+10968]
	BaseThreadInitThunk [0x0x7ffb5d7be8d7+23]
	RtlUserThreadStart [0x0x7ffb5e068d9c+44]

2025-09-22T15:32:27.594545+0700 INFO Order: 2509225SU5PYAT Start!!
2025-09-22T15:32:32.198243+0700 INFO Order: 2509225SU5PYAT outer_Exception_Error!! Message: no such element: Unable to locate element: {"method":"xpath","selector":"/html/body/div[2]/div[2]/div[2]/div[1]/label/div/button"}
  (Session info: chrome=140.0.7339.185); For documentation on this error, please visit: https://www.selenium.dev/documentation/webdriver/troubleshooting/errors#no-such-element-exception
Stacktrace:
	GetHandleVerifier [0x0x7ff736656b25+79621]
	GetHandleVerifier [0x0x7ff736656b80+79712]
	(No symbol) [0x0x7ff7363ec0ea]
	(No symbol) [0x0x7ff736442f56]
	(No symbol) [0x0x7ff73644320c]
	(No symbol) [0x0x7ff7364965b7]
	(No symbol) [0x0x7ff73646b17f]
	(No symbol) [0x0x7ff7364933d0]
	(No symbol) [0x0x7ff73646af13]
	(No symbol) [0x0x7ff736434151]
	(No symbol) [0x0x7ff736434ee3]
	GetHandleVerifier [0x0x7ff73691683d+2962461]
	GetHandleVerifier [0x0x7ff736910b5d+2938685]
	GetHandleVerifier [0x0x7ff73692f71d+3064573]
	GetHandleVerifier [0x0x7ff736670c6e+186446]
	GetHandleVerifier [0x0x7ff736678a3f+218655]
	GetHandleVerifier [0x0x7ff73665f914+115956]
	GetHandleVerifier [0x0x7ff73665fac9+116393]
	GetHandleVerifier [0x0x7ff736645ef8+10968]
	BaseThreadInitThunk [0x0x7ffb5d7be8d7+23]
	RtlUserThreadStart [0x0x7ffb5e068d9c+44]

2025-09-22T15:32:32.606904+0700 INFO Order: 2509225T5NEPCH Start!!
2025-09-22T15:32:41.622231+0700 INFO Order: 2509225TB14AMD Start!!
2025-09-22T15:32:50.740802+0700 INFO Order: 2509225TN4CVFW Start!!
2025-09-22T15:33:02.779678+0700 INFO Order: 2509225U1UMSUX Start!!
2025-09-22T15:33:12.877992+0700 INFO Order: 2509225UPT2PM0 Start!!
2025-09-22T15:33:15.969750+0700 INFO Order: 2509225UPT2PM0 outer_Exception_Error!! 'Bot_POS' object has no attribute 'display_bot_status_label'
2025-09-22T15:33:17.063000+0700 INFO Order: 2509225UPUWKQP Start!!
2025-09-22T15:33:30.986680+0700 INFO Order: 2509225US3EW4K Start!!
2025-09-22T15:33:40.042050+0700 INFO Order: 2509225VVVT5H0 Start!!
2025-09-22T15:33:51.171470+0700 INFO Order: 2509225WD3MXTF Start!!
2025-09-22T15:34:00.207263+0700 INFO Order: 2509225WUFBK6T Start!!
2025-09-22T15:34:10.315698+0700 INFO Order: 2509225WWUMY6B Start!!
2025-09-22T15:34:23.467834+0700 INFO Order: 2509225X6NX0WQ Start!!
2025-09-22T15:34:32.497065+0700 INFO Order: 2509225X8E5A5E Start!!
2025-09-22T15:34:44.728109+0700 INFO Order: 2509225XGMEXS2 Start!!
2025-09-22T15:35:31.890891+0700 INFO Order: 25092260KN7MQY Start!!
2025-09-22T15:35:39.893432+0700 INFO Order: 25092260Q9JUM7 Start!!
2025-09-22T15:35:49.927122+0700 INFO Order: 250922614RMQRR Start!!
2025-09-22T15:36:13.867211+0700 INFO 250922614RMQRR: cusname is Not Duplicated
2025-09-22T15:36:19.177338+0700 INFO Order: 2509226181GW56 Start!!
2025-09-22T15:36:40.442902+0700 INFO 2509226181GW56: cusname is Not Duplicated
2025-09-22T15:36:46.348009+0700 INFO Order: 25092261JUR8SC Start!!
2025-09-22T15:36:55.617649+0700 INFO Order: 25092261RUFCWW Start!!
2025-09-22T15:37:17.356968+0700 INFO 25092261RUFCWW: cusname is Not Duplicated
2025-09-22T15:37:47.575943+0700 INFO Order: 25092261TQJ3WV Start!!
2025-09-22T15:38:14.341957+0700 INFO 25092261TQJ3WV: cusname is Not Duplicated
2025-09-22T15:38:28.271559+0700 INFO Order: 25092261U4V7GM Start!!
2025-09-22T15:38:46.406931+0700 INFO Order: 25092261V3DQX3 Start!!
2025-09-22T15:39:04.518875+0700 INFO 25092261V3DQX3: cusname is Not Duplicated
2025-09-22T15:39:09.600256+0700 INFO Order: 25092261YWFT8E Start!!
2025-09-22T15:39:20.671984+0700 INFO Order: 25092262UJDR2N Start!!
2025-09-22T15:39:39.017002+0700 INFO 25092262UJDR2N: cusname is Not Duplicated
2025-09-22T15:39:51.054062+0700 INFO Order: 25092262VHWCQY Start!!
2025-09-22T15:40:11.287098+0700 INFO 25092262VHWCQY: cusname is Not Duplicated
2025-09-22T15:40:47.432320+0700 INFO Order: 2509226354JUH0 Start!!
2025-09-22T15:41:03.064108+0700 INFO 2509226354JUH0: cusname is Not Duplicated
2025-09-22T15:41:08.559982+0700 INFO Order: 25092263H9P81X Start!!
2025-09-22T15:41:23.472454+0700 INFO 25092263H9P81X: cusname is Not Duplicated
2025-09-22T15:41:28.763925+0700 INFO Order: 25092264MB77C1 Start!!
2025-09-22T17:15:41.243099+0700 INFO Order: 2509213058SC40 Start!!
2025-09-22T17:15:53.954390+0700 INFO Order: 2509213PWHS4NJ Start!!
2025-09-22T17:16:11.105331+0700 INFO Order: 2509213Q3BPU0N Start!!
2025-09-22T17:16:21.262194+0700 INFO Order: 25092142N408U3 Start!!
2025-09-22T17:16:32.401883+0700 INFO Order: 25092142XQ2KYC Start!!
2025-09-22T17:16:44.476335+0700 INFO Order: 250921452BWYD7 Start!!
2025-09-22T17:16:59.593093+0700 INFO Order: 25092145Y292M4 Start!!
2025-09-22T17:17:14.733524+0700 INFO Order: 250921468KDMB0 Start!!
2025-09-22T17:17:31.159443+0700 INFO Order: 25092147DJYVXQ Start!!
2025-09-22T17:17:46.892037+0700 INFO Order: 25092148JAUTCX Start!!
2025-09-22T17:17:57.154413+0700 INFO Order: 25092148PFDR0T Start!!
2025-09-22T17:18:08.060519+0700 INFO Order: 2509214GR2YAVF Start!!
2025-09-22T17:18:18.426759+0700 INFO Order: 2509214HVCGXEM Start!!
2025-09-22T17:18:28.517953+0700 INFO Order: 2509214MEVA5E9 Start!!
2025-09-22T17:18:40.224644+0700 INFO Order: 2509214MUV5ANB Start!!
2025-09-22T17:18:51.767495+0700 INFO Order: 2509214PDSHEF0 Start!!
2025-09-22T17:18:54.793927+0700 INFO Order: 2509214PDSHEF0 outer_Exception_Error!! Message: no such window
  (Session info: chrome=140.0.7339.185)
Stacktrace:
	GetHandleVerifier [0x0x7ff79b646b25+79621]
	GetHandleVerifier [0x0x7ff79b646b80+79712]
	(No symbol) [0x0x7ff79b3dbf1c]
	(No symbol) [0x0x7ff79b46d751]
	(No symbol) [0x0x7ff79b45b100]
	(No symbol) [0x0x7ff79b424151]
	(No symbol) [0x0x7ff79b424ee3]
	GetHandleVerifier [0x0x7ff79b90683d+2962461]
	GetHandleVerifier [0x0x7ff79b900b5d+2938685]
	GetHandleVerifier [0x0x7ff79b91f71d+3064573]
	GetHandleVerifier [0x0x7ff79b660c6e+186446]
	GetHandleVerifier [0x0x7ff79b668a3f+218655]
	GetHandleVerifier [0x0x7ff79b64f914+115956]
	GetHandleVerifier [0x0x7ff79b64fac9+116393]
	GetHandleVerifier [0x0x7ff79b635ef8+10968]
	BaseThreadInitThunk [0x0x7ffb5d7be8d7+23]
	RtlUserThreadStart [0x0x7ffb5e068d9c+44]

2025-09-22T17:18:55.496590+0700 INFO Order: 2509224XNEMQ3F Start!!
2025-09-22T17:19:00.369093+0700 INFO Order: 2509224XNEMQ3F outer_Exception_Error!! Message: element click intercepted: Element <button class="btn btn-outline-secondary dropdown-toggle ng-binding" style="border-radius: 0px 4px 4px 0px;padding: 4px 10px;background-color: antiquewhite;" type="button" data-toggle="dropdown" aria-expanded="false" title="">...</button> is not clickable at point (1195, 338). Other element would receive the click: <form id="memberNewFrom" name="memberNewFrom" class="ng-valid ng-valid-maxlength ng-dirty" data-select2-id="memberNewFrom">...</form>
  (Session info: chrome=140.0.7339.185)
Stacktrace:
	GetHandleVerifier [0x0x7ff79b646b25+79621]
	GetHandleVerifier [0x0x7ff79b646b80+79712]
	(No symbol) [0x0x7ff79b3dc0ea]
	(No symbol) [0x0x7ff79b43af69]
	(No symbol) [0x0x7ff79b438902]
	(No symbol) [0x0x7ff79b435941]
	(No symbol) [0x0x7ff79b434831]
	(No symbol) [0x0x7ff79b426078]
	(No symbol) [0x0x7ff79b45b13a]
	(No symbol) [0x0x7ff79b425926]
	(No symbol) [0x0x7ff79b45b350]
	(No symbol) [0x0x7ff79b4833d0]
	(No symbol) [0x0x7ff79b45af13]
	(No symbol) [0x0x7ff79b424151]
	(No symbol) [0x0x7ff79b424ee3]
	GetHandleVerifier [0x0x7ff79b90683d+2962461]
	GetHandleVerifier [0x0x7ff79b900b5d+2938685]
	GetHandleVerifier [0x0x7ff79b91f71d+3064573]
	GetHandleVerifier [0x0x7ff79b660c6e+186446]
	GetHandleVerifier [0x0x7ff79b668a3f+218655]
	GetHandleVerifier [0x0x7ff79b64f914+115956]
	GetHandleVerifier [0x0x7ff79b64fac9+116393]
	GetHandleVerifier [0x0x7ff79b635ef8+10968]
	BaseThreadInitThunk [0x0x7ffb5d7be8d7+23]
	RtlUserThreadStart [0x0x7ffb5e068d9c+44]

2025-09-22T17:19:01.625495+0700 INFO Order: 250922516PCT12 Start!!
2025-09-22T17:19:06.349347+0700 INFO Order: 250922516PCT12 outer_Exception_Error!! Message: element click intercepted: Element <button class="btn btn-outline-secondary dropdown-toggle ng-binding" style="border-radius: 0px 4px 4px 0px;padding: 4px 10px;background-color: antiquewhite;" type="button" data-toggle="dropdown" aria-expanded="false" title="">...</button> is not clickable at point (1195, 338). Other element would receive the click: <form id="memberNewFrom" name="memberNewFrom" class="ng-valid ng-valid-maxlength ng-dirty" data-select2-id="memberNewFrom">...</form>
  (Session info: chrome=140.0.7339.185)
Stacktrace:
	GetHandleVerifier [0x0x7ff79b646b25+79621]
	GetHandleVerifier [0x0x7ff79b646b80+79712]
	(No symbol) [0x0x7ff79b3dc0ea]
	(No symbol) [0x0x7ff79b43af69]
	(No symbol) [0x0x7ff79b438902]
	(No symbol) [0x0x7ff79b435941]
	(No symbol) [0x0x7ff79b434831]
	(No symbol) [0x0x7ff79b426078]
	(No symbol) [0x0x7ff79b45b13a]
	(No symbol) [0x0x7ff79b425926]
	(No symbol) [0x0x7ff79b45b350]
	(No symbol) [0x0x7ff79b4833d0]
	(No symbol) [0x0x7ff79b45af13]
	(No symbol) [0x0x7ff79b424151]
	(No symbol) [0x0x7ff79b424ee3]
	GetHandleVerifier [0x0x7ff79b90683d+2962461]
	GetHandleVerifier [0x0x7ff79b900b5d+2938685]
	GetHandleVerifier [0x0x7ff79b91f71d+3064573]
	GetHandleVerifier [0x0x7ff79b660c6e+186446]
	GetHandleVerifier [0x0x7ff79b668a3f+218655]
	GetHandleVerifier [0x0x7ff79b64f914+115956]
	GetHandleVerifier [0x0x7ff79b64fac9+116393]
	GetHandleVerifier [0x0x7ff79b635ef8+10968]
	BaseThreadInitThunk [0x0x7ffb5d7be8d7+23]
	RtlUserThreadStart [0x0x7ffb5e068d9c+44]

2025-09-22T17:19:07.647777+0700 INFO Order: 2509225R9RH5CJ Start!!
2025-09-22T17:22:09.922743+0700 INFO Order: 2509214PDSHEF0 Start!!
2025-09-22T17:22:14.858565+0700 INFO Order: 2509214PDSHEF0 outer_Exception_Error!! Message: element click intercepted: Element <button class="btn btn-outline-secondary dropdown-toggle ng-binding" style="border-radius: 0px 4px 4px 0px;padding: 4px 10px;background-color: antiquewhite;" type="button" data-toggle="dropdown" aria-expanded="false" title="">...</button> is not clickable at point (1195, 338). Other element would receive the click: <form id="memberNewFrom" name="memberNewFrom" class="ng-valid ng-valid-maxlength ng-dirty" data-select2-id="memberNewFrom">...</form>
  (Session info: chrome=140.0.7339.185)
Stacktrace:
	GetHandleVerifier [0x0x7ff6bafd6b25+79621]
	GetHandleVerifier [0x0x7ff6bafd6b80+79712]
	(No symbol) [0x0x7ff6bad6c0ea]
	(No symbol) [0x0x7ff6badcaf69]
	(No symbol) [0x0x7ff6badc8902]
	(No symbol) [0x0x7ff6badc5941]
	(No symbol) [0x0x7ff6badc4831]
	(No symbol) [0x0x7ff6badb6078]
	(No symbol) [0x0x7ff6badeb13a]
	(No symbol) [0x0x7ff6badb5926]
	(No symbol) [0x0x7ff6badeb350]
	(No symbol) [0x0x7ff6bae133d0]
	(No symbol) [0x0x7ff6badeaf13]
	(No symbol) [0x0x7ff6badb4151]
	(No symbol) [0x0x7ff6badb4ee3]
	GetHandleVerifier [0x0x7ff6bb29683d+2962461]
	GetHandleVerifier [0x0x7ff6bb290b5d+2938685]
	GetHandleVerifier [0x0x7ff6bb2af71d+3064573]
	GetHandleVerifier [0x0x7ff6baff0c6e+186446]
	GetHandleVerifier [0x0x7ff6baff8a3f+218655]
	GetHandleVerifier [0x0x7ff6bafdf914+115956]
	GetHandleVerifier [0x0x7ff6bafdfac9+116393]
	GetHandleVerifier [0x0x7ff6bafc5ef8+10968]
	BaseThreadInitThunk [0x0x7ffb5d7be8d7+23]
	RtlUserThreadStart [0x0x7ffb5e068d9c+44]

2025-09-22T17:22:16.380279+0700 INFO Order: 2509224XNEMQ3F Start!!
2025-09-22T17:22:21.459901+0700 INFO Order: 2509224XNEMQ3F outer_Exception_Error!! Message: element click intercepted: Element <button class="btn btn-outline-secondary dropdown-toggle ng-binding" style="border-radius: 0px 4px 4px 0px;padding: 4px 10px;background-color: antiquewhite;" type="button" data-toggle="dropdown" aria-expanded="false" title="">...</button> is not clickable at point (1195, 338). Other element would receive the click: <form id="memberNewFrom" name="memberNewFrom" class="ng-valid ng-valid-maxlength ng-dirty" data-select2-id="memberNewFrom">...</form>
  (Session info: chrome=140.0.7339.185)
Stacktrace:
	GetHandleVerifier [0x0x7ff6bafd6b25+79621]
	GetHandleVerifier [0x0x7ff6bafd6b80+79712]
	(No symbol) [0x0x7ff6bad6c0ea]
	(No symbol) [0x0x7ff6badcaf69]
	(No symbol) [0x0x7ff6badc8902]
	(No symbol) [0x0x7ff6badc5941]
	(No symbol) [0x0x7ff6badc4831]
	(No symbol) [0x0x7ff6badb6078]
	(No symbol) [0x0x7ff6badeb13a]
	(No symbol) [0x0x7ff6badb5926]
	(No symbol) [0x0x7ff6badeb350]
	(No symbol) [0x0x7ff6bae133d0]
	(No symbol) [0x0x7ff6badeaf13]
	(No symbol) [0x0x7ff6badb4151]
	(No symbol) [0x0x7ff6badb4ee3]
	GetHandleVerifier [0x0x7ff6bb29683d+2962461]
	GetHandleVerifier [0x0x7ff6bb290b5d+2938685]
	GetHandleVerifier [0x0x7ff6bb2af71d+3064573]
	GetHandleVerifier [0x0x7ff6baff0c6e+186446]
	GetHandleVerifier [0x0x7ff6baff8a3f+218655]
	GetHandleVerifier [0x0x7ff6bafdf914+115956]
	GetHandleVerifier [0x0x7ff6bafdfac9+116393]
	GetHandleVerifier [0x0x7ff6bafc5ef8+10968]
	BaseThreadInitThunk [0x0x7ffb5d7be8d7+23]
	RtlUserThreadStart [0x0x7ffb5e068d9c+44]

2025-09-22T17:22:22.030283+0700 INFO Order: 250922516PCT12 Start!!
2025-09-22T17:22:26.760406+0700 INFO Order: 250922516PCT12 outer_Exception_Error!! Message: element click intercepted: Element <button class="btn btn-outline-secondary dropdown-toggle ng-binding" style="border-radius: 0px 4px 4px 0px;padding: 4px 10px;background-color: antiquewhite;" type="button" data-toggle="dropdown" aria-expanded="false" title="">...</button> is not clickable at point (1195, 338). Other element would receive the click: <form id="memberNewFrom" name="memberNewFrom" class="ng-valid ng-valid-maxlength ng-dirty" data-select2-id="memberNewFrom">...</form>
  (Session info: chrome=140.0.7339.185)
Stacktrace:
	GetHandleVerifier [0x0x7ff6bafd6b25+79621]
	GetHandleVerifier [0x0x7ff6bafd6b80+79712]
	(No symbol) [0x0x7ff6bad6c0ea]
	(No symbol) [0x0x7ff6badcaf69]
	(No symbol) [0x0x7ff6badc8902]
	(No symbol) [0x0x7ff6badc5941]
	(No symbol) [0x0x7ff6badc4831]
	(No symbol) [0x0x7ff6badb6078]
	(No symbol) [0x0x7ff6badeb13a]
	(No symbol) [0x0x7ff6badb5926]
	(No symbol) [0x0x7ff6badeb350]
	(No symbol) [0x0x7ff6bae133d0]
	(No symbol) [0x0x7ff6badeaf13]
	(No symbol) [0x0x7ff6badb4151]
	(No symbol) [0x0x7ff6badb4ee3]
	GetHandleVerifier [0x0x7ff6bb29683d+2962461]
	GetHandleVerifier [0x0x7ff6bb290b5d+2938685]
	GetHandleVerifier [0x0x7ff6bb2af71d+3064573]
	GetHandleVerifier [0x0x7ff6baff0c6e+186446]
	GetHandleVerifier [0x0x7ff6baff8a3f+218655]
	GetHandleVerifier [0x0x7ff6bafdf914+115956]
	GetHandleVerifier [0x0x7ff6bafdfac9+116393]
	GetHandleVerifier [0x0x7ff6bafc5ef8+10968]
	BaseThreadInitThunk [0x0x7ffb5d7be8d7+23]
	RtlUserThreadStart [0x0x7ffb5e068d9c+44]

2025-09-22T17:22:28.085610+0700 INFO Order: 2509225R9RH5CJ Start!!
2025-09-22T17:22:33.101430+0700 INFO Order: 2509225R9RH5CJ outer_Exception_Error!! Message: element click intercepted: Element <button class="btn btn-outline-secondary dropdown-toggle ng-binding" style="border-radius: 0px 4px 4px 0px;padding: 4px 10px;background-color: antiquewhite;" type="button" data-toggle="dropdown" aria-expanded="false" title="">...</button> is not clickable at point (1195, 338). Other element would receive the click: <form id="memberNewFrom" name="memberNewFrom" class="ng-valid ng-valid-maxlength ng-dirty" data-select2-id="memberNewFrom">...</form>
  (Session info: chrome=140.0.7339.185)
Stacktrace:
	GetHandleVerifier [0x0x7ff6bafd6b25+79621]
	GetHandleVerifier [0x0x7ff6bafd6b80+79712]
	(No symbol) [0x0x7ff6bad6c0ea]
	(No symbol) [0x0x7ff6badcaf69]
	(No symbol) [0x0x7ff6badc8902]
	(No symbol) [0x0x7ff6badc5941]
	(No symbol) [0x0x7ff6badc4831]
	(No symbol) [0x0x7ff6badb6078]
	(No symbol) [0x0x7ff6badeb13a]
	(No symbol) [0x0x7ff6badb5926]
	(No symbol) [0x0x7ff6badeb350]
	(No symbol) [0x0x7ff6bae133d0]
	(No symbol) [0x0x7ff6badeaf13]
	(No symbol) [0x0x7ff6badb4151]
	(No symbol) [0x0x7ff6badb4ee3]
	GetHandleVerifier [0x0x7ff6bb29683d+2962461]
	GetHandleVerifier [0x0x7ff6bb290b5d+2938685]
	GetHandleVerifier [0x0x7ff6bb2af71d+3064573]
	GetHandleVerifier [0x0x7ff6baff0c6e+186446]
	GetHandleVerifier [0x0x7ff6baff8a3f+218655]
	GetHandleVerifier [0x0x7ff6bafdf914+115956]
	GetHandleVerifier [0x0x7ff6bafdfac9+116393]
	GetHandleVerifier [0x0x7ff6bafc5ef8+10968]
	BaseThreadInitThunk [0x0x7ffb5d7be8d7+23]
	RtlUserThreadStart [0x0x7ffb5e068d9c+44]

2025-09-22T17:22:34.216794+0700 INFO Order: 2509225WD3MXTF Start!!
2025-09-22T17:22:39.023894+0700 INFO Order: 2509225WD3MXTF outer_Exception_Error!! Message: element click intercepted: Element <button class="btn btn-outline-secondary dropdown-toggle ng-binding" style="border-radius: 0px 4px 4px 0px;padding: 4px 10px;background-color: antiquewhite;" type="button" data-toggle="dropdown" aria-expanded="false" title="">...</button> is not clickable at point (1195, 338). Other element would receive the click: <form id="memberNewFrom" name="memberNewFrom" class="ng-valid ng-valid-maxlength ng-dirty" data-select2-id="memberNewFrom">...</form>
  (Session info: chrome=140.0.7339.185)
Stacktrace:
	GetHandleVerifier [0x0x7ff6bafd6b25+79621]
	GetHandleVerifier [0x0x7ff6bafd6b80+79712]
	(No symbol) [0x0x7ff6bad6c0ea]
	(No symbol) [0x0x7ff6badcaf69]
	(No symbol) [0x0x7ff6badc8902]
	(No symbol) [0x0x7ff6badc5941]
	(No symbol) [0x0x7ff6badc4831]
	(No symbol) [0x0x7ff6badb6078]
	(No symbol) [0x0x7ff6badeb13a]
	(No symbol) [0x0x7ff6badb5926]
	(No symbol) [0x0x7ff6badeb350]
	(No symbol) [0x0x7ff6bae133d0]
	(No symbol) [0x0x7ff6badeaf13]
	(No symbol) [0x0x7ff6badb4151]
	(No symbol) [0x0x7ff6badb4ee3]
	GetHandleVerifier [0x0x7ff6bb29683d+2962461]
	GetHandleVerifier [0x0x7ff6bb290b5d+2938685]
	GetHandleVerifier [0x0x7ff6bb2af71d+3064573]
	GetHandleVerifier [0x0x7ff6baff0c6e+186446]
	GetHandleVerifier [0x0x7ff6baff8a3f+218655]
	GetHandleVerifier [0x0x7ff6bafdf914+115956]
	GetHandleVerifier [0x0x7ff6bafdfac9+116393]
	GetHandleVerifier [0x0x7ff6bafc5ef8+10968]
	BaseThreadInitThunk [0x0x7ffb5d7be8d7+23]
	RtlUserThreadStart [0x0x7ffb5e068d9c+44]

2025-09-22T17:22:40.215171+0700 INFO Order: 2509226181GW56 Start!!
2025-09-22T17:22:44.957095+0700 INFO Order: 2509226181GW56 outer_Exception_Error!! Message: element click intercepted: Element <button class="btn btn-outline-secondary dropdown-toggle ng-binding" style="border-radius: 0px 4px 4px 0px;padding: 4px 10px;background-color: antiquewhite;" type="button" data-toggle="dropdown" aria-expanded="false" title="">...</button> is not clickable at point (1195, 338). Other element would receive the click: <form id="memberNewFrom" name="memberNewFrom" class="ng-valid ng-valid-maxlength ng-dirty" data-select2-id="memberNewFrom">...</form>
  (Session info: chrome=140.0.7339.185)
Stacktrace:
	GetHandleVerifier [0x0x7ff6bafd6b25+79621]
	GetHandleVerifier [0x0x7ff6bafd6b80+79712]
	(No symbol) [0x0x7ff6bad6c0ea]
	(No symbol) [0x0x7ff6badcaf69]
	(No symbol) [0x0x7ff6badc8902]
	(No symbol) [0x0x7ff6badc5941]
	(No symbol) [0x0x7ff6badc4831]
	(No symbol) [0x0x7ff6badb6078]
	(No symbol) [0x0x7ff6badeb13a]
	(No symbol) [0x0x7ff6badb5926]
	(No symbol) [0x0x7ff6badeb350]
	(No symbol) [0x0x7ff6bae133d0]
	(No symbol) [0x0x7ff6badeaf13]
	(No symbol) [0x0x7ff6badb4151]
	(No symbol) [0x0x7ff6badb4ee3]
	GetHandleVerifier [0x0x7ff6bb29683d+2962461]
	GetHandleVerifier [0x0x7ff6bb290b5d+2938685]
	GetHandleVerifier [0x0x7ff6bb2af71d+3064573]
	GetHandleVerifier [0x0x7ff6baff0c6e+186446]
	GetHandleVerifier [0x0x7ff6baff8a3f+218655]
	GetHandleVerifier [0x0x7ff6bafdf914+115956]
	GetHandleVerifier [0x0x7ff6bafdfac9+116393]
	GetHandleVerifier [0x0x7ff6bafc5ef8+10968]
	BaseThreadInitThunk [0x0x7ffb5d7be8d7+23]
	RtlUserThreadStart [0x0x7ffb5e068d9c+44]

2025-09-22T17:22:46.249257+0700 INFO Order: 25092261RUFCWW Start!!
2025-09-22T17:22:50.990508+0700 INFO Order: 25092261RUFCWW outer_Exception_Error!! Message: element click intercepted: Element <button class="btn btn-outline-secondary dropdown-toggle ng-binding" style="border-radius: 0px 4px 4px 0px;padding: 4px 10px;background-color: antiquewhite;" type="button" data-toggle="dropdown" aria-expanded="false" title="">...</button> is not clickable at point (1195, 338). Other element would receive the click: <form id="memberNewFrom" name="memberNewFrom" class="ng-valid ng-valid-maxlength ng-dirty" data-select2-id="memberNewFrom">...</form>
  (Session info: chrome=140.0.7339.185)
Stacktrace:
	GetHandleVerifier [0x0x7ff6bafd6b25+79621]
	GetHandleVerifier [0x0x7ff6bafd6b80+79712]
	(No symbol) [0x0x7ff6bad6c0ea]
	(No symbol) [0x0x7ff6badcaf69]
	(No symbol) [0x0x7ff6badc8902]
	(No symbol) [0x0x7ff6badc5941]
	(No symbol) [0x0x7ff6badc4831]
	(No symbol) [0x0x7ff6badb6078]
	(No symbol) [0x0x7ff6badeb13a]
	(No symbol) [0x0x7ff6badb5926]
	(No symbol) [0x0x7ff6badeb350]
	(No symbol) [0x0x7ff6bae133d0]
	(No symbol) [0x0x7ff6badeaf13]
	(No symbol) [0x0x7ff6badb4151]
	(No symbol) [0x0x7ff6badb4ee3]
	GetHandleVerifier [0x0x7ff6bb29683d+2962461]
	GetHandleVerifier [0x0x7ff6bb290b5d+2938685]
	GetHandleVerifier [0x0x7ff6bb2af71d+3064573]
	GetHandleVerifier [0x0x7ff6baff0c6e+186446]
	GetHandleVerifier [0x0x7ff6baff8a3f+218655]
	GetHandleVerifier [0x0x7ff6bafdf914+115956]
	GetHandleVerifier [0x0x7ff6bafdfac9+116393]
	GetHandleVerifier [0x0x7ff6bafc5ef8+10968]
	BaseThreadInitThunk [0x0x7ffb5d7be8d7+23]
	RtlUserThreadStart [0x0x7ffb5e068d9c+44]

2025-09-22T17:22:52.374954+0700 INFO Order: 25092261TQJ3WV Start!!
2025-09-22T17:22:56.993727+0700 INFO Order: 25092261TQJ3WV outer_Exception_Error!! Message: element click intercepted: Element <button class="btn btn-outline-secondary dropdown-toggle ng-binding" style="border-radius: 0px 4px 4px 0px;padding: 4px 10px;background-color: antiquewhite;" type="button" data-toggle="dropdown" aria-expanded="false" title="">...</button> is not clickable at point (1195, 338). Other element would receive the click: <form id="memberNewFrom" name="memberNewFrom" class="ng-valid ng-valid-maxlength ng-dirty" data-select2-id="memberNewFrom">...</form>
  (Session info: chrome=140.0.7339.185)
Stacktrace:
	GetHandleVerifier [0x0x7ff6bafd6b25+79621]
	GetHandleVerifier [0x0x7ff6bafd6b80+79712]
	(No symbol) [0x0x7ff6bad6c0ea]
	(No symbol) [0x0x7ff6badcaf69]
	(No symbol) [0x0x7ff6badc8902]
	(No symbol) [0x0x7ff6badc5941]
	(No symbol) [0x0x7ff6badc4831]
	(No symbol) [0x0x7ff6badb6078]
	(No symbol) [0x0x7ff6badeb13a]
	(No symbol) [0x0x7ff6badb5926]
	(No symbol) [0x0x7ff6badeb350]
	(No symbol) [0x0x7ff6bae133d0]
	(No symbol) [0x0x7ff6badeaf13]
	(No symbol) [0x0x7ff6badb4151]
	(No symbol) [0x0x7ff6badb4ee3]
	GetHandleVerifier [0x0x7ff6bb29683d+2962461]
	GetHandleVerifier [0x0x7ff6bb290b5d+2938685]
	GetHandleVerifier [0x0x7ff6bb2af71d+3064573]
	GetHandleVerifier [0x0x7ff6baff0c6e+186446]
	GetHandleVerifier [0x0x7ff6baff8a3f+218655]
	GetHandleVerifier [0x0x7ff6bafdf914+115956]
	GetHandleVerifier [0x0x7ff6bafdfac9+116393]
	GetHandleVerifier [0x0x7ff6bafc5ef8+10968]
	BaseThreadInitThunk [0x0x7ffb5d7be8d7+23]
	RtlUserThreadStart [0x0x7ffb5e068d9c+44]

2025-09-22T17:22:57.392384+0700 INFO Order: 25092261V3DQX3 Start!!
2025-09-22T17:23:03.455431+0700 INFO Order: 25092261V3DQX3 outer_Exception_Error!! Message: element click intercepted: Element <button class="btn btn-outline-secondary dropdown-toggle ng-binding" style="border-radius: 0px 4px 4px 0px;padding: 4px 10px;background-color: antiquewhite;" type="button" data-toggle="dropdown" aria-expanded="false" title="">...</button> is not clickable at point (1195, 338). Other element would receive the click: <form id="memberNewFrom" name="memberNewFrom" class="ng-valid ng-valid-maxlength ng-dirty" data-select2-id="memberNewFrom">...</form>
  (Session info: chrome=140.0.7339.185)
Stacktrace:
	GetHandleVerifier [0x0x7ff6bafd6b25+79621]
	GetHandleVerifier [0x0x7ff6bafd6b80+79712]
	(No symbol) [0x0x7ff6bad6c0ea]
	(No symbol) [0x0x7ff6badcaf69]
	(No symbol) [0x0x7ff6badc8902]
	(No symbol) [0x0x7ff6badc5941]
	(No symbol) [0x0x7ff6badc4831]
	(No symbol) [0x0x7ff6badb6078]
	(No symbol) [0x0x7ff6badeb13a]
	(No symbol) [0x0x7ff6badb5926]
	(No symbol) [0x0x7ff6badeb350]
	(No symbol) [0x0x7ff6bae133d0]
	(No symbol) [0x0x7ff6badeaf13]
	(No symbol) [0x0x7ff6badb4151]
	(No symbol) [0x0x7ff6badb4ee3]
	GetHandleVerifier [0x0x7ff6bb29683d+2962461]
	GetHandleVerifier [0x0x7ff6bb290b5d+2938685]
	GetHandleVerifier [0x0x7ff6bb2af71d+3064573]
	GetHandleVerifier [0x0x7ff6baff0c6e+186446]
	GetHandleVerifier [0x0x7ff6baff8a3f+218655]
	GetHandleVerifier [0x0x7ff6bafdf914+115956]
	GetHandleVerifier [0x0x7ff6bafdfac9+116393]
	GetHandleVerifier [0x0x7ff6bafc5ef8+10968]
	BaseThreadInitThunk [0x0x7ffb5d7be8d7+23]
	RtlUserThreadStart [0x0x7ffb5e068d9c+44]

2025-09-22T17:23:04.464757+0700 INFO Order: 25092262UJDR2N Start!!
2025-09-22T17:23:09.256847+0700 INFO Order: 25092262UJDR2N outer_Exception_Error!! Message: element click intercepted: Element <button class="btn btn-outline-secondary dropdown-toggle ng-binding" style="border-radius: 0px 4px 4px 0px;padding: 4px 10px;background-color: antiquewhite;" type="button" data-toggle="dropdown" aria-expanded="false" title="">...</button> is not clickable at point (1195, 338). Other element would receive the click: <form id="memberNewFrom" name="memberNewFrom" class="ng-valid ng-valid-maxlength ng-dirty" data-select2-id="memberNewFrom">...</form>
  (Session info: chrome=140.0.7339.185)
Stacktrace:
	GetHandleVerifier [0x0x7ff6bafd6b25+79621]
	GetHandleVerifier [0x0x7ff6bafd6b80+79712]
	(No symbol) [0x0x7ff6bad6c0ea]
	(No symbol) [0x0x7ff6badcaf69]
	(No symbol) [0x0x7ff6badc8902]
	(No symbol) [0x0x7ff6badc5941]
	(No symbol) [0x0x7ff6badc4831]
	(No symbol) [0x0x7ff6badb6078]
	(No symbol) [0x0x7ff6badeb13a]
	(No symbol) [0x0x7ff6badb5926]
	(No symbol) [0x0x7ff6badeb350]
	(No symbol) [0x0x7ff6bae133d0]
	(No symbol) [0x0x7ff6badeaf13]
	(No symbol) [0x0x7ff6badb4151]
	(No symbol) [0x0x7ff6badb4ee3]
	GetHandleVerifier [0x0x7ff6bb29683d+2962461]
	GetHandleVerifier [0x0x7ff6bb290b5d+2938685]
	GetHandleVerifier [0x0x7ff6bb2af71d+3064573]
	GetHandleVerifier [0x0x7ff6baff0c6e+186446]
	GetHandleVerifier [0x0x7ff6baff8a3f+218655]
	GetHandleVerifier [0x0x7ff6bafdf914+115956]
	GetHandleVerifier [0x0x7ff6bafdfac9+116393]
	GetHandleVerifier [0x0x7ff6bafc5ef8+10968]
	BaseThreadInitThunk [0x0x7ffb5d7be8d7+23]
	RtlUserThreadStart [0x0x7ffb5e068d9c+44]

2025-09-22T17:23:10.533677+0700 INFO Order: 25092262VHWCQY Start!!
2025-09-22T17:23:15.532826+0700 INFO Order: 25092262VHWCQY outer_Exception_Error!! Message: element click intercepted: Element <button class="btn btn-outline-secondary dropdown-toggle ng-binding" style="border-radius: 0px 4px 4px 0px;padding: 4px 10px;background-color: antiquewhite;" type="button" data-toggle="dropdown" aria-expanded="false" title="">...</button> is not clickable at point (1195, 338). Other element would receive the click: <form id="memberNewFrom" name="memberNewFrom" class="ng-valid ng-valid-maxlength ng-dirty" data-select2-id="memberNewFrom">...</form>
  (Session info: chrome=140.0.7339.185)
Stacktrace:
	GetHandleVerifier [0x0x7ff6bafd6b25+79621]
	GetHandleVerifier [0x0x7ff6bafd6b80+79712]
	(No symbol) [0x0x7ff6bad6c0ea]
	(No symbol) [0x0x7ff6badcaf69]
	(No symbol) [0x0x7ff6badc8902]
	(No symbol) [0x0x7ff6badc5941]
	(No symbol) [0x0x7ff6badc4831]
	(No symbol) [0x0x7ff6badb6078]
	(No symbol) [0x0x7ff6badeb13a]
	(No symbol) [0x0x7ff6badb5926]
	(No symbol) [0x0x7ff6badeb350]
	(No symbol) [0x0x7ff6bae133d0]
	(No symbol) [0x0x7ff6badeaf13]
	(No symbol) [0x0x7ff6badb4151]
	(No symbol) [0x0x7ff6badb4ee3]
	GetHandleVerifier [0x0x7ff6bb29683d+2962461]
	GetHandleVerifier [0x0x7ff6bb290b5d+2938685]
	GetHandleVerifier [0x0x7ff6bb2af71d+3064573]
	GetHandleVerifier [0x0x7ff6baff0c6e+186446]
	GetHandleVerifier [0x0x7ff6baff8a3f+218655]
	GetHandleVerifier [0x0x7ff6bafdf914+115956]
	GetHandleVerifier [0x0x7ff6bafdfac9+116393]
	GetHandleVerifier [0x0x7ff6bafc5ef8+10968]
	BaseThreadInitThunk [0x0x7ffb5d7be8d7+23]
	RtlUserThreadStart [0x0x7ffb5e068d9c+44]

2025-09-22T17:23:17.974278+0700 INFO Order: 2509226354JUH0 Start!!
2025-09-22T17:23:22.569937+0700 INFO Order: 2509226354JUH0 outer_Exception_Error!! Message: element click intercepted: Element <button class="btn btn-outline-secondary dropdown-toggle ng-binding" style="border-radius: 0px 4px 4px 0px;padding: 4px 10px;background-color: antiquewhite;" type="button" data-toggle="dropdown" aria-expanded="false" title="">...</button> is not clickable at point (1195, 338). Other element would receive the click: <form id="memberNewFrom" name="memberNewFrom" class="ng-valid ng-valid-maxlength ng-dirty" data-select2-id="memberNewFrom">...</form>
  (Session info: chrome=140.0.7339.185)
Stacktrace:
	GetHandleVerifier [0x0x7ff6bafd6b25+79621]
	GetHandleVerifier [0x0x7ff6bafd6b80+79712]
	(No symbol) [0x0x7ff6bad6c0ea]
	(No symbol) [0x0x7ff6badcaf69]
	(No symbol) [0x0x7ff6badc8902]
	(No symbol) [0x0x7ff6badc5941]
	(No symbol) [0x0x7ff6badc4831]
	(No symbol) [0x0x7ff6badb6078]
	(No symbol) [0x0x7ff6badeb13a]
	(No symbol) [0x0x7ff6badb5926]
	(No symbol) [0x0x7ff6badeb350]
	(No symbol) [0x0x7ff6bae133d0]
	(No symbol) [0x0x7ff6badeaf13]
	(No symbol) [0x0x7ff6badb4151]
	(No symbol) [0x0x7ff6badb4ee3]
	GetHandleVerifier [0x0x7ff6bb29683d+2962461]
	GetHandleVerifier [0x0x7ff6bb290b5d+2938685]
	GetHandleVerifier [0x0x7ff6bb2af71d+3064573]
	GetHandleVerifier [0x0x7ff6baff0c6e+186446]
	GetHandleVerifier [0x0x7ff6baff8a3f+218655]
	GetHandleVerifier [0x0x7ff6bafdf914+115956]
	GetHandleVerifier [0x0x7ff6bafdfac9+116393]
	GetHandleVerifier [0x0x7ff6bafc5ef8+10968]
	BaseThreadInitThunk [0x0x7ffb5d7be8d7+23]
	RtlUserThreadStart [0x0x7ffb5e068d9c+44]

2025-09-22T17:23:23.594959+0700 INFO Order: 2509226395C7R9 Start!!
2025-09-22T17:23:28.401102+0700 INFO Order: 2509226395C7R9 outer_Exception_Error!! Message: element click intercepted: Element <button class="btn btn-outline-secondary dropdown-toggle ng-binding" style="border-radius: 0px 4px 4px 0px;padding: 4px 10px;background-color: antiquewhite;" type="button" data-toggle="dropdown" aria-expanded="false" title="">...</button> is not clickable at point (1195, 338). Other element would receive the click: <form id="memberNewFrom" name="memberNewFrom" class="ng-valid ng-valid-maxlength ng-dirty" data-select2-id="memberNewFrom">...</form>
  (Session info: chrome=140.0.7339.185)
Stacktrace:
	GetHandleVerifier [0x0x7ff6bafd6b25+79621]
	GetHandleVerifier [0x0x7ff6bafd6b80+79712]
	(No symbol) [0x0x7ff6bad6c0ea]
	(No symbol) [0x0x7ff6badcaf69]
	(No symbol) [0x0x7ff6badc8902]
	(No symbol) [0x0x7ff6badc5941]
	(No symbol) [0x0x7ff6badc4831]
	(No symbol) [0x0x7ff6badb6078]
	(No symbol) [0x0x7ff6badeb13a]
	(No symbol) [0x0x7ff6badb5926]
	(No symbol) [0x0x7ff6badeb350]
	(No symbol) [0x0x7ff6bae133d0]
	(No symbol) [0x0x7ff6badeaf13]
	(No symbol) [0x0x7ff6badb4151]
	(No symbol) [0x0x7ff6badb4ee3]
	GetHandleVerifier [0x0x7ff6bb29683d+2962461]
	GetHandleVerifier [0x0x7ff6bb290b5d+2938685]
	GetHandleVerifier [0x0x7ff6bb2af71d+3064573]
	GetHandleVerifier [0x0x7ff6baff0c6e+186446]
	GetHandleVerifier [0x0x7ff6baff8a3f+218655]
	GetHandleVerifier [0x0x7ff6bafdf914+115956]
	GetHandleVerifier [0x0x7ff6bafdfac9+116393]
	GetHandleVerifier [0x0x7ff6bafc5ef8+10968]
	BaseThreadInitThunk [0x0x7ffb5d7be8d7+23]
	RtlUserThreadStart [0x0x7ffb5e068d9c+44]

2025-09-22T17:23:29.786217+0700 INFO Order: 25092264MB77C1 Start!!
2025-09-22T17:23:34.561654+0700 INFO Order: 25092264MB77C1 outer_Exception_Error!! Message: element click intercepted: Element <button class="btn btn-outline-secondary dropdown-toggle ng-binding" style="border-radius: 0px 4px 4px 0px;padding: 4px 10px;background-color: antiquewhite;" type="button" data-toggle="dropdown" aria-expanded="false" title="">...</button> is not clickable at point (1195, 338). Other element would receive the click: <form id="memberNewFrom" name="memberNewFrom" class="ng-valid ng-valid-maxlength ng-dirty" data-select2-id="memberNewFrom">...</form>
  (Session info: chrome=140.0.7339.185)
Stacktrace:
	GetHandleVerifier [0x0x7ff6bafd6b25+79621]
	GetHandleVerifier [0x0x7ff6bafd6b80+79712]
	(No symbol) [0x0x7ff6bad6c0ea]
	(No symbol) [0x0x7ff6badcaf69]
	(No symbol) [0x0x7ff6badc8902]
	(No symbol) [0x0x7ff6badc5941]
	(No symbol) [0x0x7ff6badc4831]
	(No symbol) [0x0x7ff6badb6078]
	(No symbol) [0x0x7ff6badeb13a]
	(No symbol) [0x0x7ff6badb5926]
	(No symbol) [0x0x7ff6badeb350]
	(No symbol) [0x0x7ff6bae133d0]
	(No symbol) [0x0x7ff6badeaf13]
	(No symbol) [0x0x7ff6badb4151]
	(No symbol) [0x0x7ff6badb4ee3]
	GetHandleVerifier [0x0x7ff6bb29683d+2962461]
	GetHandleVerifier [0x0x7ff6bb290b5d+2938685]
	GetHandleVerifier [0x0x7ff6bb2af71d+3064573]
	GetHandleVerifier [0x0x7ff6baff0c6e+186446]
	GetHandleVerifier [0x0x7ff6baff8a3f+218655]
	GetHandleVerifier [0x0x7ff6bafdf914+115956]
	GetHandleVerifier [0x0x7ff6bafdfac9+116393]
	GetHandleVerifier [0x0x7ff6bafc5ef8+10968]
	BaseThreadInitThunk [0x0x7ffb5d7be8d7+23]
	RtlUserThreadStart [0x0x7ffb5e068d9c+44]

2025-09-22T17:23:35.961758+0700 INFO Order: 25092264P69PN2 Start!!
2025-09-22T17:24:46.760492+0700 INFO Order: 2509226NXD07SX Start!!
2025-09-22T17:25:02.293614+0700 INFO 2509226NXD07SX: cusname is Not Duplicated
2025-09-22T17:25:07.550678+0700 INFO Order: 2509226NXD07SX outer_Exception_Error!! 'dict' object has no attribute 'loc'
2025-09-22T17:25:21.644446+0700 INFO Order: 2509214PDSHEF0 Start!!
2025-09-22T17:25:30.816331+0700 INFO Order: 2509224XNEMQ3F Start!!
2025-09-22T17:25:41.944031+0700 INFO Order: 250922516PCT12 Start!!
2025-09-22T17:25:50.956177+0700 INFO Order: 2509225R9RH5CJ Start!!
2025-09-22T17:26:02.068319+0700 INFO Order: 2509225WD3MXTF Start!!
2025-09-22T17:26:12.204806+0700 INFO Order: 2509226181GW56 Start!!
2025-09-22T17:26:22.340309+0700 INFO Order: 25092261RUFCWW Start!!
2025-09-22T17:26:34.295059+0700 INFO Order: 25092261TQJ3WV Start!!
2025-09-22T17:26:43.328004+0700 INFO Order: 25092261V3DQX3 Start!!
2025-09-22T17:26:52.478094+0700 INFO Order: 25092262UJDR2N Start!!
2025-09-22T17:27:11.545895+0700 INFO Order: 25092262VHWCQY Start!!
2025-09-22T17:27:20.689948+0700 INFO Order: 2509226354JUH0 Start!!
2025-09-22T17:27:29.749693+0700 INFO Order: 2509226395C7R9 Start!!
2025-09-22T17:27:43.778086+0700 INFO 2509226395C7R9: cusname is Not Duplicated
2025-09-22T17:28:16.051268+0700 INFO Order: 25092264MB77C1 Start!!
2025-09-22T17:28:26.139883+0700 INFO Order: 25092264P69PN2 Start!!
2025-09-22T17:28:42.125134+0700 INFO 25092264P69PN2: cusname is Not Duplicated
2025-09-22T17:29:16.427936+0700 INFO Order: 250922658FV9TQ Start!!
2025-09-22T17:29:31.506507+0700 INFO 250922658FV9TQ: cusname is Not Duplicated
2025-09-22T17:29:40.589351+0700 INFO Order: 25092265X56B83 Start!!
2025-09-22T17:29:54.232163+0700 INFO 25092265X56B83: cusname is Not Duplicated
2025-09-22T17:30:27.851924+0700 INFO Order: 25092265X83PSG Start!!
2025-09-22T17:30:44.137999+0700 INFO 25092265X83PSG: cusname is Not Duplicated
2025-09-22T17:30:51.005511+0700 INFO Order: 25092267ESMHTR Start!!
2025-09-22T17:31:06.154958+0700 INFO 25092267ESMHTR: cusname is Not Duplicated
2025-09-22T17:31:36.232226+0700 INFO Order: 25092267NF6F2Q Start!!
2025-09-22T17:31:50.657566+0700 INFO 25092267NF6F2Q: cusname is Not Duplicated
2025-09-22T17:31:57.502508+0700 INFO Order: 250922690QYFPR Start!!
2025-09-22T17:32:12.238471+0700 INFO 250922690QYFPR: cusname is Not Duplicated
2025-09-22T17:32:40.728183+0700 INFO Order: 250922694K03Q4 Start!!
2025-09-22T17:32:55.633981+0700 INFO 250922694K03Q4: cusname is Not Duplicated
2025-09-22T17:33:00.974200+0700 INFO Order: 2509226A74AFXF Start!!
2025-09-22T17:33:13.019518+0700 INFO Order: 2509226A9R75BB Start!!
2025-09-22T17:33:22.104227+0700 INFO Order: 2509226AT9J2BQ Start!!
2025-09-22T17:33:41.568379+0700 INFO 2509226AT9J2BQ: cusname is Not Duplicated
2025-09-22T17:33:46.368582+0700 INFO Order: 2509226ATSPWTA Start!!
2025-09-22T17:34:10.241493+0700 INFO 2509226ATSPWTA: cusname is Not Duplicated
2025-09-22T17:34:16.550704+0700 INFO Order: 2509226BBET1NN Start!!
2025-09-22T17:34:25.640523+0700 INFO Order: 2509226BC4SGHH Start!!
2025-09-22T17:34:43.053448+0700 INFO 2509226BC4SGHH: cusname is Not Duplicated
2025-09-22T17:35:19.940360+0700 INFO Order: 2509226BWHPJJH Start!!
2025-09-22T17:35:36.829621+0700 INFO 2509226BWHPJJH: cusname is Not Duplicated
2025-09-22T17:35:41.045920+0700 INFO Order: 2509226C0WE61C Start!!
2025-09-22T17:35:57.793941+0700 INFO 2509226C0WE61C: cusname is Not Duplicated
2025-09-22T17:36:34.455623+0700 INFO Order: 2509226C70YY3P Start!!
2025-09-22T17:36:46.503007+0700 INFO Order: 2509226CQDF21T Start!!
2025-09-22T17:37:01.309840+0700 INFO 2509226CQDF21T: cusname is Not Duplicated
2025-09-22T17:37:26.772421+0700 INFO Order: 2509226CTNE0U2 Start!!
2025-09-22T17:37:30.333846+0700 INFO Order: 2509226CTNE0U2 outer_Exception_Error!! 'Bot_POS' object has no attribute 'display_bot_status_label'
2025-09-22T17:37:30.808704+0700 INFO Order: 2509226DRJVYJJ Start!!
2025-09-22T17:37:36.536683+0700 INFO Order: 2509226DRJVYJJ outer_Exception_Error!! 'Bot_POS' object has no attribute 'display_bot_status_label'
2025-09-22T17:45:18.683869+0700 INFO Order: 2509213VE0ED3X Start!!
2025-09-22T17:45:26.568428+0700 INFO Order: 25092140MDHNEJ Start!!
2025-09-22T17:45:33.637461+0700 INFO Order: 2509214RMCT1UN Start!!
2025-09-22T17:45:40.698199+0700 INFO Order: 2509225RJE3MKM Start!!
2025-09-22T17:45:48.768964+0700 INFO Order: 2509225RJE3MKN Start!!
2025-09-22T17:45:55.861095+0700 INFO Order: 250922600WCX2B Start!!
2025-09-22T17:46:02.955639+0700 INFO Order: 25092260W1M1XN Start!!
2025-09-22T17:46:26.367177+0700 INFO Order: 25092261S3Y9VY Start!!
2025-09-22T17:46:34.150068+0700 INFO Order: 25092265R2NTB0 Start!!
2025-09-22T17:46:40.347073+0700 INFO 25092265R2NTB0: compare self.current_address & self.desired_full_address
2025-09-22T17:46:40.348116+0700 INFO 16หมู่13ค่ายบกหวานเมืองหนองคายหนองคาย43100
2025-09-22T17:46:40.348116+0700 INFO 16หมู่.13ค่ายบกหวานเมืองหนองคายหนองคาย43100
2025-09-22T17:47:25.483739+0700 INFO Order: 25092265RVEFY1 Start!!
2025-09-22T17:47:36.794487+0700 INFO 25092265RVEFY1: compare self.current_address & self.desired_full_address
2025-09-22T17:47:36.794487+0700 INFO เลขที่97ซอยสวนมะลิ3ถนนบำรุงเมืองวัดเทพศิรินทร์ป้อมปราบศัตรูพ่ายกรุงเทพมหานคร10100
2025-09-22T17:47:36.794487+0700 INFO 43อาคารไทยซีซีทาวเวอร์ชั้นที่15ห้องเลขที่A154-A155ถ.สาทรใต้ยานนาวาสาทรกรุงเทพมหานคร10120
2025-09-22T17:48:09.818146+0700 INFO Order: 250922660BRH8M Start!!
2025-09-22T17:48:17.819910+0700 INFO Order: 25092266BVTDVW Start!!
2025-09-22T17:48:24.864788+0700 INFO Order: 25092266RXKWB7 Start!!
2025-09-22T17:48:32.015928+0700 INFO Order: 25092266VAASB1 Start!!
2025-09-22T17:49:27.565291+0700 INFO Order: 25092266VAASB1 outer_Exception_Error!! Message: 

2025-09-22T17:49:28.304322+0700 INFO Order: 25092266VNSSK4 Start!!
2025-09-22T17:49:35.396769+0700 INFO Order: 2509226BH5W470 Start!!
2025-09-22T17:49:41.573146+0700 INFO 2509226BH5W470: compare self.current_address & self.desired_full_address
2025-09-22T17:49:41.574151+0700 INFO เลขที่5ซอย3ถนนมูลเมืองพระสิงห์เมืองเชียงใหม่เชียงใหม่50200
2025-09-22T17:49:41.574151+0700 INFO เลขที่5ซอย3ถนนมูลเมืองพระสิงห์เมืองเชียงใหม่เชียงใหม่50100
2025-09-22T17:50:17.692371+0700 INFO Order: 2509226FQQSEFM Start!!
2025-09-22T17:50:25.765487+0700 INFO Order: 2509226H4KYEEA Start!!
2025-09-22T17:51:19.897328+0700 INFO 2509226H4KYEEA: cusname is Not Duplicated
2025-09-22T17:51:22.603531+0700 INFO 2509226H4KYEEA: compare self.current_address & self.desired_full_address
2025-09-22T17:51:22.604586+0700 INFO บ้านโนนสมบูรณ์191หมู่5(ร้านน้ำNTTeaCoffee)โนนสมบูรณ์เดชอุดมอุบลราชธานี34160
2025-09-22T17:51:22.604586+0700 INFO บ้านโนนสมบูรณ์191หมู่5(ร้านน้ำNTTea&Coffee)โนนสมบูรณ์เดชอุดมอุบลราชธานี34160
2025-09-22T17:51:51.261440+0700 INFO Order: 2509226JHF8D9E Start!!
2025-09-22T17:52:09.018105+0700 INFO 2509226JHF8D9E: compare self.current_address & self.desired_full_address
2025-09-22T17:52:09.019307+0700 INFO อาคารมิ้นท์ทาวเวอร์ห้องเลขที่4Gชั้นที่4เลขที่719ถนนพระราม6วังใหม่ปทุมวันกรุงเทพมหานคร10330
2025-09-22T17:52:09.021469+0700 INFO 2/191ซอยรังสิต-นครนายก34/1ประชาธิปัตย์ธัญบุรีปทุมธานี12130
2025-09-22T17:52:38.603259+0700 INFO Order: 2509226K671RHM Start!!
2025-09-22T17:52:48.705437+0700 INFO Order: 2509226MP1NXVG Start!!
2025-09-22T17:53:01.797058+0700 INFO Order: 2509226MP1NXVH Start!!
2025-09-22T17:53:12.888622+0700 INFO Order: 2509226MP1NXVJ Start!!
2025-09-22T17:53:21.994260+0700 INFO Order: 2509226N50DK6S Start!!
2025-09-22T17:53:56.786625+0700 INFO 2509226N50DK6S: cusname is Not Duplicated
2025-09-22T17:54:51.505848+0700 INFO Order: 2509226NXT957E Start!!
2025-09-22T17:55:03.244760+0700 INFO 2509226NXT957E: compare self.current_address & self.desired_full_address
2025-09-22T17:55:03.245769+0700 INFO 145/18-19อาคารหงษ์ทาวเวอร์ห้องA901ชั้น9ถนนบางขุนเทียน-ชายทะเลแสมดำบางขุนเทียนกรุงเทพมหานคร10150
2025-09-22T17:55:03.247252+0700 INFO 145/18-19อาคารHongTowerห้องA901ชั้น9ถนนบางขุนเทียน-ชายทะเลแสมดำบางขุนเทียนกรุงเทพมหานคร10150
2025-09-22T17:55:37.797293+0700 INFO Order: 2509226P5D2MW0 Start!!
2025-09-22T17:55:44.866781+0700 INFO Order: 2509226Q0RGR6V Start!!
2025-09-22T17:55:52.460292+0700 INFO 2509226Q0RGR6V: compare self.current_address & self.desired_full_address
2025-09-22T17:55:52.460292+0700 INFO 137ม.5ทุ่งสมอเขาค้อเพชรบูรณ์67270
2025-09-22T17:55:52.460292+0700 INFO 137หมู่ที่5ทุ่งสมอเขาค้อเพชรบูรณ์67270
2025-09-22T17:56:20.227225+0700 INFO Order: 2509226Q1WR5N4 Start!!
2025-09-22T17:56:28.214366+0700 INFO Order: 2509226R48CB96 Start!!
2025-09-22T17:56:51.624937+0700 INFO 2509226R48CB96: cusname is Not Duplicated
2025-09-22T17:56:55.367672+0700 INFO Order: 2509226R705BQD Start!!
2025-09-22T17:57:03.485282+0700 INFO Order: 2509226SUN8HV3 Start!!
2025-09-22T17:57:40.523171+0700 INFO 2509226SUN8HV3: cusname is Not Duplicated
2025-09-22T17:58:06.857124+0700 INFO Order: 2509226TNRNTMX Start!!
2025-09-22T17:58:13.699588+0700 INFO 2509226TNRNTMX: compare self.current_address & self.desired_full_address
2025-09-22T17:58:13.699588+0700 INFO 657/144ถนนจรัญสนิทวงศ์อรุณอมรินทร์บางกอกน้อยกรุงเทพมหานคร10700
2025-09-22T17:58:13.700627+0700 INFO 657/144จรัญสนิทวงศ์41อรุณอมรินทร์บางกอกน้อยกรุงเทพมหานคร10700
2025-09-22T17:58:49.832295+0700 INFO Order: 2509226CTNE0U2 Start!!
2025-09-22T17:58:53.130522+0700 INFO Order: 2509226CTNE0U2 outer_Exception_Error!! 'Bot_POS' object has no attribute 'display_bot_status_label'
2025-09-22T17:58:55.367468+0700 INFO Order: 2509226DRJVYJJ Start!!
2025-09-22T17:58:58.639480+0700 INFO Order: 2509226DRJVYJJ outer_Exception_Error!! 'Bot_POS' object has no attribute 'display_bot_status_label'
2025-09-22T17:58:58.944906+0700 INFO Order: 2509226E14MMB8 Start!!
2025-09-22T17:59:18.900215+0700 INFO 2509226E14MMB8: cusname is Not Duplicated
2025-09-22T17:59:35.199264+0700 INFO Order: 2509226E14MMB8 outer_Exception_Error!! main thread is not in main loop
2025-09-23T10:22:00.238103+0700 INFO Order: 2509225R9RH5CJ Start!!
2025-09-23T10:22:02.543300+0700 INFO Order: 2509225R9RH5CJ outer_Exception_Error!! method operation_start Error : Traceback (most recent call last):
  File "c:\Users\BCP_27\Documents\GitHub\Python\projects\auto_page\autopageMKII\autopage_MKII_ver3_2_0.py", line 3121, in operation_start
    self.searchBtn.click()
  File "C:\Users\BCP_27\AppData\Local\Packages\PythonSoftwareFoundation.Python.3.12_qbz5n2kfra8p0\LocalCache\local-packages\Python312\site-packages\selenium\webdriver\remote\webelement.py", line 94, in click
    self._execute(Command.CLICK_ELEMENT)
  File "C:\Users\BCP_27\AppData\Local\Packages\PythonSoftwareFoundation.Python.3.12_qbz5n2kfra8p0\LocalCache\local-packages\Python312\site-packages\selenium\webdriver\remote\webelement.py", line 395, in _execute
    return self._parent.execute(command, params)
           ^^^^^^^^^^^^^^^^^^^^^^^^^^^^^^^^^^^^^
  File "C:\Users\BCP_27\AppData\Local\Packages\PythonSoftwareFoundation.Python.3.12_qbz5n2kfra8p0\LocalCache\local-packages\Python312\site-packages\selenium\webdriver\remote\webdriver.py", line 354, in execute
    self.error_handler.check_response(response)
  File "C:\Users\BCP_27\AppData\Local\Packages\PythonSoftwareFoundation.Python.3.12_qbz5n2kfra8p0\LocalCache\local-packages\Python312\site-packages\selenium\webdriver\remote\errorhandler.py", line 229, in check_response
    raise exception_class(message, screen, stacktrace)
selenium.common.exceptions.ElementClickInterceptedException: Message: element click intercepted: Element <button data-v-ff857689="" data-v-2df5d49d="" type="button" class="eds-button eds-button--primary eds-button--normal eds-button--outline search-btn" data-testid="order-list-search">...</button> is not clickable at point (1094, 230). Other element would receive the click: <span data-v-270d4c37="" class="eds-table__cell-label">...</span>
  (Session info: chrome=140.0.7339.185)
Stacktrace:
	GetHandleVerifier [0x0x7ff613c56b25+79621]
	GetHandleVerifier [0x0x7ff613c56b80+79712]
	(No symbol) [0x0x7ff6139ec0ea]
	(No symbol) [0x0x7ff613a4af69]
	(No symbol) [0x0x7ff613a48902]
	(No symbol) [0x0x7ff613a45941]
	(No symbol) [0x0x7ff613a44831]
	(No symbol) [0x0x7ff613a36078]
	(No symbol) [0x0x7ff613a6b13a]
	(No symbol) [0x0x7ff613a35926]
	(No symbol) [0x0x7ff613a6b350]
	(No symbol) [0x0x7ff613a933d0]
	(No symbol) [0x0x7ff613a6af13]
	(No symbol) [0x0x7ff613a34151]
	(No symbol) [0x0x7ff613a34ee3]
	GetHandleVerifier [0x0x7ff613f1683d+2962461]
	GetHandleVerifier [0x0x7ff613f10b5d+2938685]
	GetHandleVerifier [0x0x7ff613f2f71d+3064573]
	GetHandleVerifier [0x0x7ff613c70c6e+186446]
	GetHandleVerifier [0x0x7ff613c78a3f+218655]
	GetHandleVerifier [0x0x7ff613c5f914+115956]
	GetHandleVerifier [0x0x7ff613c5fac9+116393]
	GetHandleVerifier [0x0x7ff613c45ef8+10968]
	BaseThreadInitThunk [0x0x7ffb5d7be8d7+23]
	RtlUserThreadStart [0x0x7ffb5e068d9c+44]


2025-09-23T10:22:03.232274+0700 INFO Order: 2509225UT30EJR Start!!
2025-09-23T10:22:05.389473+0700 INFO Order: 2509225UT30EJR outer_Exception_Error!! method operation_start Error : Traceback (most recent call last):
  File "c:\Users\BCP_27\Documents\GitHub\Python\projects\auto_page\autopageMKII\autopage_MKII_ver3_2_0.py", line 3121, in operation_start
    self.searchBtn.click()
  File "C:\Users\BCP_27\AppData\Local\Packages\PythonSoftwareFoundation.Python.3.12_qbz5n2kfra8p0\LocalCache\local-packages\Python312\site-packages\selenium\webdriver\remote\webelement.py", line 94, in click
    self._execute(Command.CLICK_ELEMENT)
  File "C:\Users\BCP_27\AppData\Local\Packages\PythonSoftwareFoundation.Python.3.12_qbz5n2kfra8p0\LocalCache\local-packages\Python312\site-packages\selenium\webdriver\remote\webelement.py", line 395, in _execute
    return self._parent.execute(command, params)
           ^^^^^^^^^^^^^^^^^^^^^^^^^^^^^^^^^^^^^
  File "C:\Users\BCP_27\AppData\Local\Packages\PythonSoftwareFoundation.Python.3.12_qbz5n2kfra8p0\LocalCache\local-packages\Python312\site-packages\selenium\webdriver\remote\webdriver.py", line 354, in execute
    self.error_handler.check_response(response)
  File "C:\Users\BCP_27\AppData\Local\Packages\PythonSoftwareFoundation.Python.3.12_qbz5n2kfra8p0\LocalCache\local-packages\Python312\site-packages\selenium\webdriver\remote\errorhandler.py", line 229, in check_response
    raise exception_class(message, screen, stacktrace)
selenium.common.exceptions.ElementClickInterceptedException: Message: element click intercepted: Element <button data-v-ff857689="" data-v-2df5d49d="" type="button" class="eds-button eds-button--primary eds-button--normal eds-button--outline search-btn" data-testid="order-list-search">...</button> is not clickable at point (1094, 230). Other element would receive the click: <span data-v-270d4c37="" class="eds-table__cell-label">...</span>
  (Session info: chrome=140.0.7339.185)
Stacktrace:
	GetHandleVerifier [0x0x7ff613c56b25+79621]
	GetHandleVerifier [0x0x7ff613c56b80+79712]
	(No symbol) [0x0x7ff6139ec0ea]
	(No symbol) [0x0x7ff613a4af69]
	(No symbol) [0x0x7ff613a48902]
	(No symbol) [0x0x7ff613a45941]
	(No symbol) [0x0x7ff613a44831]
	(No symbol) [0x0x7ff613a36078]
	(No symbol) [0x0x7ff613a6b13a]
	(No symbol) [0x0x7ff613a35926]
	(No symbol) [0x0x7ff613a6b350]
	(No symbol) [0x0x7ff613a933d0]
	(No symbol) [0x0x7ff613a6af13]
	(No symbol) [0x0x7ff613a34151]
	(No symbol) [0x0x7ff613a34ee3]
	GetHandleVerifier [0x0x7ff613f1683d+2962461]
	GetHandleVerifier [0x0x7ff613f10b5d+2938685]
	GetHandleVerifier [0x0x7ff613f2f71d+3064573]
	GetHandleVerifier [0x0x7ff613c70c6e+186446]
	GetHandleVerifier [0x0x7ff613c78a3f+218655]
	GetHandleVerifier [0x0x7ff613c5f914+115956]
	GetHandleVerifier [0x0x7ff613c5fac9+116393]
	GetHandleVerifier [0x0x7ff613c45ef8+10968]
	BaseThreadInitThunk [0x0x7ffb5d7be8d7+23]
	RtlUserThreadStart [0x0x7ffb5e068d9c+44]


2025-09-23T10:22:06.313345+0700 INFO Order: 2509225WD3MXTF Start!!
2025-09-23T10:22:08.448492+0700 INFO Order: 2509225WD3MXTF outer_Exception_Error!! method operation_start Error : Traceback (most recent call last):
  File "c:\Users\BCP_27\Documents\GitHub\Python\projects\auto_page\autopageMKII\autopage_MKII_ver3_2_0.py", line 3121, in operation_start
    self.searchBtn.click()
  File "C:\Users\BCP_27\AppData\Local\Packages\PythonSoftwareFoundation.Python.3.12_qbz5n2kfra8p0\LocalCache\local-packages\Python312\site-packages\selenium\webdriver\remote\webelement.py", line 94, in click
    self._execute(Command.CLICK_ELEMENT)
  File "C:\Users\BCP_27\AppData\Local\Packages\PythonSoftwareFoundation.Python.3.12_qbz5n2kfra8p0\LocalCache\local-packages\Python312\site-packages\selenium\webdriver\remote\webelement.py", line 395, in _execute
    return self._parent.execute(command, params)
           ^^^^^^^^^^^^^^^^^^^^^^^^^^^^^^^^^^^^^
  File "C:\Users\BCP_27\AppData\Local\Packages\PythonSoftwareFoundation.Python.3.12_qbz5n2kfra8p0\LocalCache\local-packages\Python312\site-packages\selenium\webdriver\remote\webdriver.py", line 354, in execute
    self.error_handler.check_response(response)
  File "C:\Users\BCP_27\AppData\Local\Packages\PythonSoftwareFoundation.Python.3.12_qbz5n2kfra8p0\LocalCache\local-packages\Python312\site-packages\selenium\webdriver\remote\errorhandler.py", line 229, in check_response
    raise exception_class(message, screen, stacktrace)
selenium.common.exceptions.ElementClickInterceptedException: Message: element click intercepted: Element <button data-v-ff857689="" data-v-2df5d49d="" type="button" class="eds-button eds-button--primary eds-button--normal eds-button--outline search-btn" data-testid="order-list-search">...</button> is not clickable at point (1094, 230). Other element would receive the click: <span data-v-270d4c37="" class="eds-table__cell-label">...</span>
  (Session info: chrome=140.0.7339.185)
Stacktrace:
	GetHandleVerifier [0x0x7ff613c56b25+79621]
	GetHandleVerifier [0x0x7ff613c56b80+79712]
	(No symbol) [0x0x7ff6139ec0ea]
	(No symbol) [0x0x7ff613a4af69]
	(No symbol) [0x0x7ff613a48902]
	(No symbol) [0x0x7ff613a45941]
	(No symbol) [0x0x7ff613a44831]
	(No symbol) [0x0x7ff613a36078]
	(No symbol) [0x0x7ff613a6b13a]
	(No symbol) [0x0x7ff613a35926]
	(No symbol) [0x0x7ff613a6b350]
	(No symbol) [0x0x7ff613a933d0]
	(No symbol) [0x0x7ff613a6af13]
	(No symbol) [0x0x7ff613a34151]
	(No symbol) [0x0x7ff613a34ee3]
	GetHandleVerifier [0x0x7ff613f1683d+2962461]
	GetHandleVerifier [0x0x7ff613f10b5d+2938685]
	GetHandleVerifier [0x0x7ff613f2f71d+3064573]
	GetHandleVerifier [0x0x7ff613c70c6e+186446]
	GetHandleVerifier [0x0x7ff613c78a3f+218655]
	GetHandleVerifier [0x0x7ff613c5f914+115956]
	GetHandleVerifier [0x0x7ff613c5fac9+116393]
	GetHandleVerifier [0x0x7ff613c45ef8+10968]
	BaseThreadInitThunk [0x0x7ffb5d7be8d7+23]
	RtlUserThreadStart [0x0x7ffb5e068d9c+44]


2025-09-23T10:22:09.349199+0700 INFO Order: 250922600WCX2B Start!!
2025-09-23T10:22:18.323723+0700 INFO Order: 25092260W1M1XN Start!!
2025-09-23T10:22:26.403143+0700 INFO Order: 2509226181GW56 Start!!
2025-09-23T10:22:35.545191+0700 INFO Order: 25092261RUFCWW Start!!
2025-09-23T10:22:44.710754+0700 INFO Order: 25092261S3Y9VY Start!!
2025-09-23T10:22:52.697235+0700 INFO Order: 25092261TQJ3WV Start!!
2025-09-23T10:23:03.799341+0700 INFO Order: 25092261V3DQX3 Start!!
2025-09-23T10:23:13.887204+0700 INFO Order: 25092262UJDR2N Start!!
2025-09-23T10:23:26.974754+0700 INFO Order: 25092262VHWCQY Start!!
2025-09-23T10:23:44.049905+0700 INFO Order: 2509226354JUH0 Start!!
2025-09-23T10:23:53.144581+0700 INFO Order: 2509226395C7R9 Start!!
2025-09-23T10:24:02.211989+0700 INFO Order: 25092264MB77C1 Start!!
2025-09-23T10:24:11.287770+0700 INFO Order: 25092264P69PN2 Start!!
2025-09-23T10:24:19.394635+0700 INFO Order: 250922658FV9TQ Start!!
2025-09-23T10:24:28.491943+0700 INFO Order: 25092265R2NTB0 Start!!
2025-09-23T10:24:36.587687+0700 INFO Order: 25092265RVEFY1 Start!!
2025-09-23T10:24:43.671436+0700 INFO 25092265RVEFY1: compare self.current_address & self.desired_full_address
2025-09-23T10:24:43.672803+0700 INFO ที่อยู่.97ซอยสวนมะลิ3ถนนบำรุงเมืองวัดเทพศิรินทร์ป้อมปราบศัตรูพ่ายกรุงเทพมหานคร10100
2025-09-23T10:24:43.673812+0700 INFO 43อาคารไทยซีซีทาวเวอร์ชั้นที่15ห้องเลขที่A154-A155ถ.สาทรใต้ยานนาวาสาทรกรุงเทพมหานคร10120
2025-09-23T10:24:58.885540+0700 INFO Order: 25092265RVEFY1 outer_Exception_Error!! Message: no such element: Unable to locate element: {"method":"xpath","selector":"/html/body/div[2]/div[2]/div/div[4]/div[3]/span/span/span[2]/ul/li[2]"}
  (Session info: chrome=140.0.7339.185); For documentation on this error, please visit: https://www.selenium.dev/documentation/webdriver/troubleshooting/errors#no-such-element-exception
Stacktrace:
	GetHandleVerifier [0x0x7ff613c56b25+79621]
	GetHandleVerifier [0x0x7ff613c56b80+79712]
	(No symbol) [0x0x7ff6139ec0ea]
	(No symbol) [0x0x7ff613a42f56]
	(No symbol) [0x0x7ff613a4320c]
	(No symbol) [0x0x7ff613a965b7]
	(No symbol) [0x0x7ff613a6b17f]
	(No symbol) [0x0x7ff613a933d0]
	(No symbol) [0x0x7ff613a6af13]
	(No symbol) [0x0x7ff613a34151]
	(No symbol) [0x0x7ff613a34ee3]
	GetHandleVerifier [0x0x7ff613f1683d+2962461]
	GetHandleVerifier [0x0x7ff613f10b5d+2938685]
	GetHandleVerifier [0x0x7ff613f2f71d+3064573]
	GetHandleVerifier [0x0x7ff613c70c6e+186446]
	GetHandleVerifier [0x0x7ff613c78a3f+218655]
	GetHandleVerifier [0x0x7ff613c5f914+115956]
	GetHandleVerifier [0x0x7ff613c5fac9+116393]
	GetHandleVerifier [0x0x7ff613c45ef8+10968]
	BaseThreadInitThunk [0x0x7ffb5d7be8d7+23]
	RtlUserThreadStart [0x0x7ffb5e068d9c+44]

2025-09-23T10:24:59.803455+0700 INFO Order: 25092265X56B83 Start!!
2025-09-23T10:25:09.853095+0700 INFO Order: 25092265X83PSG Start!!
2025-09-23T10:25:19.105599+0700 INFO Order: 25092265X83PSG outer_Exception_Error!! main thread is not in main loop
2025-09-23T10:34:12.791631+0700 INFO Order: 2509225R9RH5CJ Start!!
2025-09-23T10:34:23.687906+0700 INFO Order: 2509225UT30EJR Start!!
2025-09-23T10:34:40.595442+0700 INFO 2509225UT30EJR: cusname is Not Duplicated
2025-09-23T10:35:08.690611+0700 INFO Order: 2509225WD3MXTF Start!!
2025-09-23T10:35:20.766717+0700 INFO Order: 250922600WCX2B Start!!
2025-09-23T10:35:27.843909+0700 INFO Order: 25092260W1M1XN Start!!
2025-09-23T10:35:34.848639+0700 INFO Order: 2509226181GW56 Start!!
2025-09-23T10:35:42.986276+0700 INFO Order: 25092261RUFCWW Start!!
2025-09-23T10:35:55.026158+0700 INFO Order: 25092261S3Y9VY Start!!
2025-09-23T10:36:02.069046+0700 INFO Order: 25092261TQJ3WV Start!!
2025-09-23T10:36:10.194284+0700 INFO Order: 25092261V3DQX3 Start!!
2025-09-23T10:36:19.232948+0700 INFO Order: 25092262UJDR2N Start!!
2025-09-23T10:36:29.267986+0700 INFO Order: 25092262VHWCQY Start!!
2025-09-23T10:36:38.331303+0700 INFO Order: 2509226354JUH0 Start!!
2025-09-23T10:36:47.441299+0700 INFO Order: 2509226395C7R9 Start!!
2025-09-23T10:36:55.542492+0700 INFO Order: 25092264MB77C1 Start!!
2025-09-23T10:37:04.605317+0700 INFO Order: 25092264P69PN2 Start!!
2025-09-23T10:37:14.737677+0700 INFO Order: 250922658FV9TQ Start!!
2025-09-23T10:37:23.796693+0700 INFO Order: 25092265R2NTB0 Start!!
2025-09-23T10:37:30.890968+0700 INFO Order: 25092265RVEFY1 Start!!
2025-09-23T10:37:37.987981+0700 INFO Order: 25092265X56B83 Start!!
2025-09-23T10:37:48.114458+0700 INFO Order: 25092265X83PSG Start!!
2025-09-23T10:37:57.298380+0700 INFO Order: 25092266BVTDVW Start!!
2025-09-23T10:38:04.293883+0700 INFO Order: 25092266RXKWB7 Start!!
2025-09-23T10:38:11.710968+0700 INFO 25092266RXKWB7: compare self.current_address & self.desired_full_address
2025-09-23T10:38:11.712102+0700 INFO 
2025-09-23T10:38:11.713095+0700 INFO 99/38ม.5สำโรงพระประแดงสมุทรปราการ10130
2025-09-23T10:38:48.652944+0700 INFO Order: 25092266VAASB1 Start!!
2025-09-23T10:39:51.124767+0700 INFO Order: 25092266VAASB1 outer_Exception_Error!! HTTPConnectionPool(host='localhost', port=49540): Max retries exceeded with url: /session/3b9c11357b8970eb2edcb58e167f3ffb/element (Caused by NewConnectionError('<urllib3.connection.HTTPConnection object at 0x0000027E45D8CAD0>: Failed to establish a new connection: [WinError 10061] No connection could be made because the target machine actively refused it'))
2025-09-23T10:53:56.066203+0700 INFO Order: 25092266VAASB1 Start!!
2025-09-23T10:54:05.812460+0700 INFO Order: 25092266VNSSK4 Start!!
2025-09-23T10:54:39.083059+0700 INFO Order: 25092267ESMHTR Start!!
2025-09-23T10:54:51.110063+0700 INFO Order: 25092267NF6F2Q Start!!
2025-09-23T10:55:01.701286+0700 INFO Order: 250922690QYFPR Start!!
2025-09-23T10:55:12.728168+0700 INFO Order: 250922694K03Q4 Start!!
2025-09-23T10:55:22.730005+0700 INFO Order: 2509226A74AFXF Start!!
2025-09-23T10:55:33.861611+0700 INFO Order: 2509226A9R75BB Start!!
2025-09-23T10:55:44.903136+0700 INFO Order: 2509226AT9J2BQ Start!!
2025-09-23T10:55:55.037976+0700 INFO Order: 2509226BBET1NN Start!!
2025-09-23T10:56:06.265330+0700 INFO Order: 2509226BC4SGHH Start!!
2025-09-23T10:56:16.294166+0700 INFO Order: 2509226BH5W470 Start!!
2025-09-23T10:56:24.516840+0700 INFO 2509226BH5W470: compare self.current_address & self.desired_full_address
2025-09-23T10:56:24.518105+0700 INFO เลขที่5ซอย3ถนนมูลเมืองพระสิงห์เมืองเชียงใหม่เชียงใหม่50200
2025-09-23T10:56:24.518105+0700 INFO เลขที่5ซอย3ถนนมูลเมืองพระสิงห์เมืองเชียงใหม่เชียงใหม่50100
2025-09-23T10:57:14.414673+0700 INFO Order: 2509226C0WE61C Start!!
2025-09-23T10:57:27.782308+0700 INFO Order: 2509226C70YY3P Start!!
2025-09-23T10:57:46.373065+0700 INFO Order: 2509226CQDF21T Start!!
2025-09-23T10:58:02.322754+0700 INFO Order: 2509226E14MMB8 Start!!
2025-09-23T10:58:14.272049+0700 INFO Order: 2509226EA7HF26 Start!!
2025-09-23T10:58:31.491233+0700 INFO 2509226EA7HF26: cusname is Not Duplicated
2025-09-23T10:59:01.527732+0700 INFO Order: 2509226EARPAS7 Start!!
2025-09-23T10:59:11.648620+0700 INFO Order: 2509226ET3THR5 Start!!
2025-09-23T10:59:21.863672+0700 INFO Order: 2509226EUFNG62 Start!!
2025-09-23T10:59:40.259935+0700 INFO 2509226EUFNG62: cusname is Not Duplicated
2025-09-23T10:59:45.978419+0700 INFO Order: 2509226EYFG247 Start!!
2025-09-23T10:59:57.042823+0700 INFO Order: 2509226F6CRBJG Start!!
2025-09-23T11:00:08.192398+0700 INFO Order: 2509226F8UV4HS Start!!
2025-09-23T11:00:19.292696+0700 INFO Order: 2509226FCG9636 Start!!
2025-09-23T11:00:35.015982+0700 INFO 2509226FCG9636: cusname is Not Duplicated
2025-09-23T11:00:40.514405+0700 INFO Order: 2509226FQQSEFM Start!!
2025-09-23T11:00:49.557229+0700 INFO Order: 2509226FWEW9HG Start!!
2025-09-23T11:01:00.911600+0700 INFO Order: 2509226GPF1G9T Start!!
2025-09-23T11:01:19.702516+0700 INFO 2509226GPF1G9T: cusname is Not Duplicated
2025-09-23T11:01:35.187628+0700 INFO Order: 2509226H1MP52H Start!!
2025-09-23T11:01:55.105707+0700 INFO 2509226H1MP52H: cusname is Not Duplicated
2025-09-23T11:02:35.568678+0700 INFO Order: 2509226H3V4WEW Start!!
2025-09-23T11:02:46.640299+0700 INFO Order: 2509226H4KYEEA Start!!
2025-09-23T11:02:55.129260+0700 INFO 2509226H4KYEEA: compare self.current_address & self.desired_full_address
2025-09-23T11:02:55.130478+0700 INFO บ้านโนนสมบูรณ์191หมู่5(ร้านน้ำNTTeaCoffee)โนนสมบูรณ์เดชอุดมอุบลราชธานี34160
2025-09-23T11:02:55.131501+0700 INFO บ้านโนนสมบูรณ์191หมู่5(ร้านน้ำNTTea&Coffee)โนนสมบูรณ์เดชอุดมอุบลราชธานี34160
2025-09-23T11:03:30.104744+0700 INFO Order: 2509226H7WTP1A Start!!
2025-09-23T11:03:42.896929+0700 INFO Order: 2509226HPWJ2PA Start!!
2025-09-23T11:03:56.061586+0700 INFO Order: 2509226J2HGP6H Start!!
2025-09-23T11:04:12.143039+0700 INFO 2509226J2HGP6H: cusname is Not Duplicated
2025-09-23T11:04:54.520605+0700 INFO Order: 2509226J2S506N Start!!
2025-09-23T11:05:06.501316+0700 INFO Order: 2509226JB551N3 Start!!
2025-09-23T11:05:10.515871+0700 INFO Order: 2509226JB551N3 outer_Exception_Error!! 'Bot_POS' object has no attribute 'display_bot_status_label'
2025-09-23T11:05:11.527649+0700 INFO Order: 2509226JHF8D9E Start!!
2025-09-23T11:05:22.539335+0700 INFO Order: 2509226JN6H7T9 Start!!
2025-09-23T11:05:36.017647+0700 INFO Order: 2509226JXD5V78 Start!!
2025-09-23T11:05:49.351122+0700 INFO Order: 2509226K671RHM Start!!
2025-09-23T11:05:59.499043+0700 INFO Order: 2509226K92K321 Start!!
2025-09-23T11:06:18.432338+0700 INFO 2509226K92K321: cusname is Not Duplicated
2025-09-23T11:06:55.336678+0700 INFO Order: 2509226KS6JX63 Start!!
2025-09-23T11:07:08.938085+0700 INFO Order: 2509226KXYJP36 Start!!
2025-09-23T11:07:21.293745+0700 INFO Order: 2509226MTCVPQB Start!!
2025-09-23T11:07:35.235630+0700 INFO Order: 2509226N50DK6S Start!!
2025-09-23T11:07:46.193576+0700 INFO Order: 2509226N7S5XWW Start!!
2025-09-23T11:08:03.723486+0700 INFO 2509226N7S5XWW: cusname is Not Duplicated
2025-09-23T11:08:10.808168+0700 INFO Order: 2509226NEAXR20 Start!!
2025-09-23T11:08:28.324432+0700 INFO 2509226NEAXR20: cusname is Not Duplicated
2025-09-23T11:09:02.624150+0700 INFO Order: 2509226NP10FGW Start!!
2025-09-23T11:09:14.734791+0700 INFO Order: 2509226NVY5WF5 Start!!
2025-09-23T11:09:54.591603+0700 INFO Order: 2509226NVY5WF5 stop operation
2025-09-23T11:10:25.549037+0700 INFO Order: 2509226NVY5WF5 outer_Exception_Error!! Message: 
Stacktrace:
	GetHandleVerifier [0x0x7ff614b66b25+79621]
	GetHandleVerifier [0x0x7ff614b66b80+79712]
	(No symbol) [0x0x7ff6148fc0ea]
	(No symbol) [0x0x7ff614952f56]
	(No symbol) [0x0x7ff61495320c]
	(No symbol) [0x0x7ff6149a65b7]
	(No symbol) [0x0x7ff61497b17f]
	(No symbol) [0x0x7ff6149a33d0]
	(No symbol) [0x0x7ff61497af13]
	(No symbol) [0x0x7ff614944151]
	(No symbol) [0x0x7ff614944ee3]
	GetHandleVerifier [0x0x7ff614e2683d+2962461]
	GetHandleVerifier [0x0x7ff614e20b5d+2938685]
	GetHandleVerifier [0x0x7ff614e3f71d+3064573]
	GetHandleVerifier [0x0x7ff614b80c6e+186446]
	GetHandleVerifier [0x0x7ff614b88a3f+218655]
	GetHandleVerifier [0x0x7ff614b6f914+115956]
	GetHandleVerifier [0x0x7ff614b6fac9+116393]
	GetHandleVerifier [0x0x7ff614b55ef8+10968]
	BaseThreadInitThunk [0x0x7ffb5d7be8d7+23]
	RtlUserThreadStart [0x0x7ffb5e068d9c+44]

2025-09-23T11:10:26.874172+0700 INFO Order: 2509226NXD07SX Start!!
2025-09-23T11:10:39.264687+0700 INFO Order: 2509226NXT957E Start!!
2025-09-23T11:10:50.283172+0700 INFO Order: 2509226P0FR9Q8 Start!!
2025-09-23T11:11:06.586617+0700 INFO 2509226P0FR9Q8: cusname is Not Duplicated
2025-09-23T11:11:29.469431+0700 INFO Order: 2509226P1MY4SF Start!!
2025-09-23T11:11:50.500320+0700 INFO 2509226P1MY4SF: cusname is Not Duplicated
2025-09-23T11:12:02.293842+0700 INFO Order: 2509226P32NQ5Q Start!!
2025-09-23T11:12:28.038207+0700 INFO 2509226P32NQ5Q: cusname is Not Duplicated
2025-09-23T11:12:36.335885+0700 INFO Order: 2509226P5D2MW0 Start!!
2025-09-23T11:12:45.074264+0700 INFO Order: 2509226Q0RGR6V Start!!
2025-09-23T11:12:57.711897+0700 INFO 2509226Q0RGR6V: compare self.current_address & self.desired_full_address
2025-09-23T11:12:57.711897+0700 INFO เลขที่137หมู่ที่5ทุ่งสมอเขาค้อเพชรบูรณ์67270
2025-09-23T11:12:57.712998+0700 INFO 137หมู่ที่5ทุ่งสมอเขาค้อเพชรบูรณ์67270
2025-09-23T11:13:30.362805+0700 INFO Order: 2509226Q1WR5N4 Start!!
2025-09-23T11:13:40.539724+0700 INFO Order: 2509226Q2RFM19 Start!!
2025-09-23T11:13:57.181635+0700 INFO 2509226Q2RFM19: cusname is Not Duplicated
2025-09-23T11:14:25.938779+0700 INFO Order: 2509226RDE38FU Start!!
2025-09-23T11:14:41.927067+0700 INFO 2509226RDE38FU: cusname is Not Duplicated
2025-09-23T11:14:51.929330+0700 INFO Order: 2509226RMG5CH2 Start!!
2025-09-23T11:15:10.854250+0700 INFO 2509226RMG5CH2: cusname is Not Duplicated
2025-09-23T11:15:21.411860+0700 INFO Order: 2509226RUVNW6W Start!!
2025-09-23T11:15:36.687869+0700 INFO Order: 2509226S6VGXX0 Start!!
2025-09-23T11:15:52.748709+0700 INFO Order: 2509226SCMKV8Q Start!!
2025-09-23T11:16:10.854489+0700 INFO 2509226SCMKV8Q: cusname is Not Duplicated
2025-09-23T11:16:17.762530+0700 INFO Order: 2509226SEMGE6J Start!!
2025-09-23T11:16:55.263651+0700 INFO Order: 2509226SFBCC4Q Start!!
2025-09-23T11:17:07.330479+0700 INFO Order: 2509226SUN8HV3 Start!!
2025-09-23T11:17:16.528292+0700 INFO Order: 2509226TNRNTMX Start!!
2025-09-23T11:17:27.636877+0700 INFO Order: 2509226TRUUTAG Start!!
2025-09-23T11:17:38.770385+0700 INFO Order: 2509226TV107JY Start!!
2025-09-23T11:17:59.402084+0700 INFO 2509226TV107JY: cusname is Not Duplicated
2025-09-23T11:18:06.383279+0700 INFO Order: 2509226UB2HM9M Start!!
2025-09-23T11:18:34.138453+0700 INFO 2509226UB2HM9M: cusname is Not Duplicated
2025-09-23T11:18:49.551752+0700 INFO Order: 2509226UR49RQQ Start!!
2025-09-23T11:19:18.081709+0700 INFO 2509226UR49RQQ: cusname is Not Duplicated
2025-09-23T11:19:25.163478+0700 INFO Order: 2509226V9H6GEV Start!!
2025-09-23T11:19:37.637653+0700 INFO Order: 2509226VBVGJEA Start!!
2025-09-23T11:20:44.546333+0700 INFO 2509226VBVGJEA: cusname is Not Duplicated
2025-09-23T11:20:56.834558+0700 INFO Order: 2509226VJ1Y0EA Start!!
2025-09-23T11:21:12.390296+0700 INFO Order: 2509226VQJDT26 Start!!
2025-09-23T11:22:07.710879+0700 INFO 2509226VQJDT26: cusname is Not Duplicated
2025-09-23T11:22:33.237701+0700 INFO Order: 2509226VV666US Start!!
2025-09-23T11:22:44.352269+0700 INFO Order: 2509226W64R906 Start!!
2025-09-23T11:22:52.974908+0700 INFO 2509226W64R906: compare self.current_address & self.desired_full_address
2025-09-23T11:22:52.980891+0700 INFO 247/22หมู่9ถ.ชุมพร-ระนองต.ตากแดดอ.เมืองชุมพรจ.ชุมพร86000ตากแดดเมืองชุมพรชุมพร86000
2025-09-23T11:22:52.983061+0700 INFO 247/22ม.9ตากแดดเมืองชุมพรชุมพร86000
2025-09-23T11:23:22.728806+0700 INFO Order: 2509226X1WH93R Start!!
2025-09-23T11:23:40.459489+0700 INFO Order: 2509226XF15F2U Start!!
2025-09-23T11:24:17.703314+0700 INFO 2509226XF15F2U: cusname is Not Duplicated
2025-09-23T11:24:42.246201+0700 INFO Order: 2509226XFEG29K Start!!
2025-09-23T11:25:07.187404+0700 INFO 2509226XFEG29K: cusname is Not Duplicated
2025-09-23T11:25:41.605641+0700 INFO Order: 2509226XFQ3J9E Start!!
2025-09-23T11:25:56.808783+0700 INFO Order: 2509226XJPFYJN Start!!
2025-09-23T11:26:13.789628+0700 INFO 2509226XJPFYJN: cusname is Not Duplicated
2025-09-23T11:26:46.531624+0700 INFO Order: 2509226XYQ8YC8 Start!!
2025-09-23T11:27:03.820290+0700 INFO 2509226XYQ8YC8: cusname is Not Duplicated
2025-09-23T11:27:39.346503+0700 INFO Order: 2509226Y58M5XP Start!!
2025-09-23T11:27:54.846803+0700 INFO 2509226Y58M5XP: cusname is Not Duplicated
2025-09-23T11:28:02.058655+0700 INFO Order: 2509226Y5TRWNP Start!!
2025-09-23T11:28:12.133710+0700 INFO Order: 2509226YHMBST7 Start!!
2025-09-23T11:28:22.476907+0700 INFO 2509226YHMBST7: compare self.current_address & self.desired_full_address
2025-09-23T11:28:22.477921+0700 INFO อาคารเอ็มไพร์ทาวเวอร์ห้องเลขที่ยูนิต4703(ริเวอร์10)ชั้นที่47เลขที่1ถนนสาทรใต้ยานนาวาสาทรกรุงเทพมหานคร10120
2025-09-23T11:28:22.479307+0700 INFO เลขที่1อาคารเอ็มไพร์ทาวเวอร์ชั้น47ถนนสาทรใต้ยานนาวาสาทรกรุงเทพมหานคร10120
2025-09-23T11:29:17.430088+0700 INFO Order: 250922700G8PC9 Start!!
2025-09-23T11:29:39.412414+0700 INFO 250922700G8PC9: cusname is Not Duplicated
2025-09-23T11:29:47.728959+0700 INFO Order: 250922707EEEVB Start!!
2025-09-23T11:30:16.010845+0700 INFO 250922707EEEVB: cusname is Not Duplicated
2025-09-23T11:30:27.744659+0700 INFO Order: 250922708EWFH0 Start!!
2025-09-23T11:30:53.838108+0700 INFO Order: 25092270ACUR9M Start!!
2025-09-23T11:31:19.395104+0700 INFO Order: 25092270FQN3K5 Start!!
2025-09-23T11:31:44.206762+0700 INFO 25092270FQN3K5: cusname is Not Duplicated
2025-09-23T11:31:54.538642+0700 INFO Order: 25092270R2KMPE Start!!
2025-09-23T11:32:47.451885+0700 INFO Order: 25092270SDHTWE Start!!
2025-09-23T11:33:09.657783+0700 INFO Order: 25092270TA44TS Start!!
2025-09-23T11:34:02.406239+0700 INFO 25092270TA44TS: cusname is Not Duplicated
2025-09-23T11:34:09.395022+0700 INFO Order: 25092271CB5EQC Start!!
2025-09-23T11:34:26.377080+0700 INFO 25092271CB5EQC: cusname is Not Duplicated
2025-09-23T11:35:12.265029+0700 INFO Order: 25092271H9DRP7 Start!!
2025-09-23T11:35:31.472074+0700 INFO 25092271H9DRP7: cusname is Not Duplicated
2025-09-23T11:36:33.697386+0700 INFO Order: 25092271H9DRP7 outer_Exception_Error!! main thread is not in main loop
2025-09-25T14:50:51.682264+0700 INFO Order: 250925DE4F8BKT Start!!
2025-09-25T14:51:33.935762+0700 INFO Order: 250925CMRS0E99 Start!!
2025-09-25T14:51:42.009624+0700 INFO Order: 250925CMRS0E99 outer_Exception_Error!! Message: no such element: Unable to locate element: {"method":"xpath","selector":"/html/body/div[2]/div[3]/div[2]/div[2]/div[2]/div[1]/div[2]/div/div/div[6]/form/div/span/span[1]/span/span[1]"}
  (Session info: chrome=140.0.7339.186); For documentation on this error, please visit: https://www.selenium.dev/documentation/webdriver/troubleshooting/errors#no-such-element-exception
Stacktrace:
	GetHandleVerifier [0x0x7ff70576fca5+79861]
	GetHandleVerifier [0x0x7ff70576fd00+79952]
	(No symbol) [0x0x7ff7054ecada]
	(No symbol) [0x0x7ff705544457]
	(No symbol) [0x0x7ff70554471c]
	(No symbol) [0x0x7ff705598217]
	(No symbol) [0x0x7ff70556cb1f]
	(No symbol) [0x0x7ff705594f8b]
	(No symbol) [0x0x7ff70556c8b3]
	(No symbol) [0x0x7ff705535272]
	(No symbol) [0x0x7ff705536043]
	GetHandleVerifier [0x0x7ff705a2b9dd+2946349]
	GetHandleVerifier [0x0x7ff705a25c5a+2922410]
	GetHandleVerifier [0x0x7ff705a459e7+3052855]
	GetHandleVerifier [0x0x7ff70578aa8e+189918]
	GetHandleVerifier [0x0x7ff705792a2f+222591]
	GetHandleVerifier [0x0x7ff705778ac4+116244]
	GetHandleVerifier [0x0x7ff705778c79+116681]
	GetHandleVerifier [0x0x7ff70575f058+11176]
	BaseThreadInitThunk [0x0x7fffbe46e8d7+23]
	RtlUserThreadStart [0x0x7fffbfd68d9c+44]

2025-09-25T14:51:43.102930+0700 INFO Order: 250925D904QK2V Start!!
2025-09-25T14:51:57.237281+0700 INFO 250925D904QK2V: cusname is Not Duplicated
2025-09-25T14:53:57.084201+0700 INFO Order: 250925D904QK2V outer_Exception_Error!! main thread is not in main loop
2025-09-25T14:54:44.449896+0700 INFO Order: 250925CMRS0E99 Start!!
2025-09-25T14:55:39.296882+0700 INFO Order: 250925D904QK2V Start!!
2025-09-25T14:56:44.798470+0700 INFO Order: 250924AXD53EU7 Start!!
2025-09-25T14:56:59.111408+0700 INFO 250924AXD53EU7: cusname is Not Duplicated
2025-09-25T14:57:55.592234+0700 INFO Order: 250925CKRBF6AW Start!!
2025-09-25T14:58:01.824979+0700 INFO 250925CKRBF6AW: compare self.current_address & self.desired_full_address
2025-09-25T14:58:01.824979+0700 INFO เลขที่1ซ.รามคำแหง119ถ.สุขาภิบาล3หัวหมากบางกะปิกรุงเทพมหานคร10240
2025-09-25T14:58:01.825974+0700 INFO 1ซ.รามคำแหง119ถ.สุขาภิบาล3หัวหมากบางกะปิกรุงเทพมหานคร10240
2025-09-25T14:59:12.376250+0700 INFO Order: 250925D8S1QM6X Start!!
2025-09-25T15:00:18.621718+0700 INFO Order: 250925D8S1QM6X outer_Exception_Error!! Message: stale element reference: stale element not found
  (Session info: chrome=140.0.7339.186); For documentation on this error, please visit: https://www.selenium.dev/documentation/webdriver/troubleshooting/errors#stale-element-reference-exception
Stacktrace:
	GetHandleVerifier [0x0x7ff70576fca5+79861]
	GetHandleVerifier [0x0x7ff70576fd00+79952]
	(No symbol) [0x0x7ff7054ecada]
	(No symbol) [0x0x7ff705503295]
	(No symbol) [0x0x7ff705501d83]
	(No symbol) [0x0x7ff7054f5377]
	(No symbol) [0x0x7ff7054f3230]
	(No symbol) [0x0x7ff7054f770f]
	(No symbol) [0x0x7ff7054f77cf]
	(No symbol) [0x0x7ff70553de36]
	(No symbol) [0x0x7ff70556cada]
	(No symbol) [0x0x7ff705536bc6]
	(No symbol) [0x0x7ff70556ccf0]
	(No symbol) [0x0x7ff705594f8b]
	(No symbol) [0x0x7ff70556c8b3]
	(No symbol) [0x0x7ff705535272]
	(No symbol) [0x0x7ff705536043]
	GetHandleVerifier [0x0x7ff705a2b9dd+2946349]
	GetHandleVerifier [0x0x7ff705a25c5a+2922410]
	GetHandleVerifier [0x0x7ff705a459e7+3052855]
	GetHandleVerifier [0x0x7ff70578aa8e+189918]
	GetHandleVerifier [0x0x7ff705792a2f+222591]
	GetHandleVerifier [0x0x7ff705778ac4+116244]
	GetHandleVerifier [0x0x7ff705778c79+116681]
	GetHandleVerifier [0x0x7ff70575f058+11176]
	BaseThreadInitThunk [0x0x7fffbe46e8d7+23]
	RtlUserThreadStart [0x0x7fffbfd68d9c+44]

2025-09-25T15:00:28.419487+0700 INFO Order: 250925D8S1QM6X Start!!
2025-09-25T15:01:17.604033+0700 INFO Order: 250925CK0S359X Start!!
2025-09-25T15:02:09.653252+0700 INFO Order: 250924B69B5BYR Start!!
2025-09-25T15:02:32.380766+0700 INFO 250924B69B5BYR: cusname is Not Duplicated
2025-09-25T15:03:12.831788+0700 INFO Order: 250924B606B7KR Start!!
2025-09-25T15:03:27.964392+0700 INFO 250924B606B7KR: cusname is Not Duplicated
2025-09-25T15:04:23.124137+0700 INFO Order: 250924B5NKS4UP Start!!
2025-09-25T15:04:26.492445+0700 INFO Order: 250924B5NKS4UP outer_Exception_Error!! 'Bot_POS' object has no attribute 'display_bot_status_label'
2025-09-25T15:04:47.934257+0700 INFO Order: 250924BEDBWU2Y Start!!
2025-09-25T15:05:11.642072+0700 INFO 250924BEDBWU2Y: cusname is Not Duplicated
2025-09-25T15:06:43.542878+0700 INFO Order: 250924BT6QB358 Start!!
2025-09-25T15:06:49.254130+0700 INFO 250924BT6QB358: compare self.current_address & self.desired_full_address
2025-09-25T15:06:49.255128+0700 INFO เลขที่29ตรอก/ซอยสุดประเสริฐ(ฝั่งซ้าย)บางโคล่บางคอแหลมกรุงเทพมหานคร10120
2025-09-25T15:06:49.255128+0700 INFO 29ซอยสุดประเสริฐ(ฝั่งซ้าย)บางโคล่บางคอแหลมกรุงเทพมหานคร10120
2025-09-25T15:08:16.409158+0700 INFO Order: 250925CJVA16AJ operation_task_thread_outer_Exception_Error!! 'MyApp' object has no attribute 'search_complete'
2025-09-25T15:08:37.027073+0700 INFO Order: 250925CJVA16AJ Start!!
2025-09-25T15:09:00.820342+0700 INFO 250925CJVA16AJ: cusname is Not Duplicated
2025-09-25T15:09:58.296659+0700 INFO Order: 250925D2YCCJDM Start!!
2025-09-25T15:10:10.472211+0700 INFO 250925D2YCCJDM: cusname is Not Duplicated
2025-09-25T15:11:00.732173+0700 INFO Order: 250925CFNTB8KK Start!!
2025-09-25T15:12:19.237685+0700 INFO Order: 250924C2K53DDJ Start!!
2025-09-26T11:08:45.663442+0700 INFO Order: 250925E15DPNCC Start!!
2025-09-26T11:08:59.787175+0700 INFO 250925E15DPNCC: cusname is Not Duplicated
2025-09-26T11:09:49.219636+0700 INFO Order: 250925DV848C6B Start!!
2025-09-26T11:09:57.461499+0700 INFO Order: 250925DV848C6B outer_Exception_Error!! Message: no such element: Unable to locate element: {"method":"xpath","selector":"/html/body/div[2]/div[3]/div[2]/div[2]/div[2]/div[1]/div[2]/div/div/div[6]/form/div/span/span[1]/span/span[1]"}
  (Session info: chrome=140.0.7339.186); For documentation on this error, please visit: https://www.selenium.dev/documentation/webdriver/troubleshooting/errors#no-such-element-exception
Stacktrace:
	GetHandleVerifier [0x0x7ff652f2fca5+79861]
	GetHandleVerifier [0x0x7ff652f2fd00+79952]
	(No symbol) [0x0x7ff652cacada]
	(No symbol) [0x0x7ff652d04457]
	(No symbol) [0x0x7ff652d0471c]
	(No symbol) [0x0x7ff652d58217]
	(No symbol) [0x0x7ff652d2cb1f]
	(No symbol) [0x0x7ff652d54f8b]
	(No symbol) [0x0x7ff652d2c8b3]
	(No symbol) [0x0x7ff652cf5272]
	(No symbol) [0x0x7ff652cf6043]
	GetHandleVerifier [0x0x7ff6531eb9dd+2946349]
	GetHandleVerifier [0x0x7ff6531e5c5a+2922410]
	GetHandleVerifier [0x0x7ff6532059e7+3052855]
	GetHandleVerifier [0x0x7ff652f4aa8e+189918]
	GetHandleVerifier [0x0x7ff652f52a2f+222591]
	GetHandleVerifier [0x0x7ff652f38ac4+116244]
	GetHandleVerifier [0x0x7ff652f38c79+116681]
	GetHandleVerifier [0x0x7ff652f1f058+11176]
	BaseThreadInitThunk [0x0x7fffbe46e8d7+23]
	RtlUserThreadStart [0x0x7fffbfd68d9c+44]

2025-09-26T11:09:58.015607+0700 INFO Order: 250925DXTMYAWX Start!!
2025-09-26T11:10:10.806007+0700 INFO 250925DXTMYAWX: cusname is Not Duplicated
2025-09-26T11:10:58.537415+0700 INFO Order: 250925DKXE7VAP Start!!
2025-09-26T11:11:31.779777+0700 INFO Order: 250925DKXE7VAP stop operation
2025-09-26T11:11:32.471758+0700 INFO Order: 250925DRXTWF1X Start!!
2025-09-26T11:11:45.403844+0700 INFO 250925DRXTWF1X: cusname is Not Duplicated
2025-09-26T11:13:04.804403+0700 INFO Order: 250925DRXTWF1X stop operation
2025-09-26T11:13:05.842344+0700 INFO Order: 250925DQB3AV1R Start!!
2025-09-26T11:13:09.622711+0700 INFO Order: 250925DQB3AV1R outer_Exception_Error!! Message: no such element: Unable to locate element: {"method":"xpath","selector":"/html/body/div[2]/div[2]/div[2]/div[1]/label/div/button"}
  (Session info: chrome=140.0.7339.186); For documentation on this error, please visit: https://www.selenium.dev/documentation/webdriver/troubleshooting/errors#no-such-element-exception
Stacktrace:
	GetHandleVerifier [0x0x7ff652f2fca5+79861]
	GetHandleVerifier [0x0x7ff652f2fd00+79952]
	(No symbol) [0x0x7ff652cacada]
	(No symbol) [0x0x7ff652d04457]
	(No symbol) [0x0x7ff652d0471c]
	(No symbol) [0x0x7ff652d58217]
	(No symbol) [0x0x7ff652d2cb1f]
	(No symbol) [0x0x7ff652d54f8b]
	(No symbol) [0x0x7ff652d2c8b3]
	(No symbol) [0x0x7ff652cf5272]
	(No symbol) [0x0x7ff652cf6043]
	GetHandleVerifier [0x0x7ff6531eb9dd+2946349]
	GetHandleVerifier [0x0x7ff6531e5c5a+2922410]
	GetHandleVerifier [0x0x7ff6532059e7+3052855]
	GetHandleVerifier [0x0x7ff652f4aa8e+189918]
	GetHandleVerifier [0x0x7ff652f52a2f+222591]
	GetHandleVerifier [0x0x7ff652f38ac4+116244]
	GetHandleVerifier [0x0x7ff652f38c79+116681]
	GetHandleVerifier [0x0x7ff652f1f058+11176]
	BaseThreadInitThunk [0x0x7fffbe46e8d7+23]
	RtlUserThreadStart [0x0x7fffbfd68d9c+44]

2025-09-26T11:13:09.829257+0700 INFO Order: 250925DRD2HBAE Start!!
2025-09-26T11:13:13.488866+0700 INFO Order: 250925DRD2HBAE outer_Exception_Error!! Message: no such element: Unable to locate element: {"method":"xpath","selector":"/html/body/div[2]/div[2]/div[2]/div[1]/label/div/button"}
  (Session info: chrome=140.0.7339.186); For documentation on this error, please visit: https://www.selenium.dev/documentation/webdriver/troubleshooting/errors#no-such-element-exception
Stacktrace:
	GetHandleVerifier [0x0x7ff652f2fca5+79861]
	GetHandleVerifier [0x0x7ff652f2fd00+79952]
	(No symbol) [0x0x7ff652cacada]
	(No symbol) [0x0x7ff652d04457]
	(No symbol) [0x0x7ff652d0471c]
	(No symbol) [0x0x7ff652d58217]
	(No symbol) [0x0x7ff652d2cb1f]
	(No symbol) [0x0x7ff652d54f8b]
	(No symbol) [0x0x7ff652d2c8b3]
	(No symbol) [0x0x7ff652cf5272]
	(No symbol) [0x0x7ff652cf6043]
	GetHandleVerifier [0x0x7ff6531eb9dd+2946349]
	GetHandleVerifier [0x0x7ff6531e5c5a+2922410]
	GetHandleVerifier [0x0x7ff6532059e7+3052855]
	GetHandleVerifier [0x0x7ff652f4aa8e+189918]
	GetHandleVerifier [0x0x7ff652f52a2f+222591]
	GetHandleVerifier [0x0x7ff652f38ac4+116244]
	GetHandleVerifier [0x0x7ff652f38c79+116681]
	GetHandleVerifier [0x0x7ff652f1f058+11176]
	BaseThreadInitThunk [0x0x7fffbe46e8d7+23]
	RtlUserThreadStart [0x0x7fffbfd68d9c+44]

2025-09-26T11:13:13.894249+0700 INFO Order: 250925DMCGC9KC Start!!
2025-09-26T11:13:35.241626+0700 INFO 250925DMCGC9KC: cusname is Not Duplicated
2025-09-26T11:14:31.214722+0700 INFO Order: 250925CK3EVF9T Start!!
2025-09-26T11:15:19.015698+0700 INFO Order: 250925CK3EVF9T stop operation
2025-09-26T11:15:20.382877+0700 INFO Order: 250925DR2D4NXR Start!!
2025-09-26T11:15:27.027881+0700 INFO 250925DR2D4NXR: compare self.current_address & self.desired_full_address
2025-09-26T11:15:27.027881+0700 INFO 
2025-09-26T11:15:27.028658+0700 INFO 221หมู่6วังเหนือวังเหนือลำปาง52140
2025-09-26T11:18:44.554710+0700 INFO Order: 250925DV848C6B Start!!
2025-09-26T11:18:58.376583+0700 INFO 250925DV848C6B: cusname is Not Duplicated
2025-09-26T11:20:00.461513+0700 INFO Order: 250925DRD2HBAE Start!!
2025-09-26T11:28:30.613347+0700 INFO Order: 250925DRD2HBAE stop operation
2025-09-26T11:28:57.029121+0700 INFO Order: 250925E8QBNYP9 Start!!
2025-09-26T11:30:05.746576+0700 INFO Order: 250925E95JJTUT Start!!
2025-09-26T11:30:19.218359+0700 INFO 250925E95JJTUT: cusname is Not Duplicated
2025-09-26T11:31:13.853417+0700 INFO Order: 250925EK0TFRV1 Start!!
2025-09-26T11:31:59.382272+0700 INFO Order: 250925EP9QDFY4 Start!!
2025-09-26T11:32:05.137855+0700 INFO 250925EP9QDFY4: compare self.current_address & self.desired_full_address
2025-09-26T11:32:05.138865+0700 INFO เลขที่201ซ.ลาดพร้าว122ถ.ลาดพร้าวพลับพลาวังทองหลางกรุงเทพมหานคร10310
2025-09-26T11:32:05.138865+0700 INFO เลขที่201พลับพลาวังทองหลางกรุงเทพมหานคร10310
2025-09-26T11:35:14.479327+0700 INFO Order: 250926F4TWC4TX Start!!
2025-09-26T11:35:20.364787+0700 INFO 250926F4TWC4TX: compare self.current_address & self.desired_full_address
2025-09-26T11:35:20.365317+0700 INFO 559/3ซอยพหลโยธิน58แยก31สายไหมสายไหมกรุงเทพมหานคร10220
2025-09-26T11:35:20.366347+0700 INFO 559/3ซอยพหลโยธิน58แยก31สายไหมกทมสายไหมสายไหมกรุงเทพมหานคร10220
2025-09-26T11:36:31.580732+0700 INFO Order: 250926G22JWYF4 Start!!
2025-09-26T11:36:51.631265+0700 INFO 250926G22JWYF4: cusname is Not Duplicated
2025-09-26T11:44:44.822037+0700 INFO Order: 250926G13QTNFR Start!!
2025-09-26T11:44:57.980411+0700 INFO 250926G13QTNFR: cusname is Not Duplicated
2025-09-26T11:45:45.103033+0700 INFO Order: 250925E8H86795 Start!!
2025-09-26T11:45:57.205962+0700 INFO 250925E8H86795: cusname is Not Duplicated
2025-09-26T11:46:40.528539+0700 INFO Order: 250925ECCJDKWY Start!!
2025-09-26T11:46:53.009839+0700 INFO 250925ECCJDKWY: cusname is Not Duplicated
2025-09-26T11:47:36.485162+0700 INFO Order: 250925EN5QF1BP Start!!
2025-09-26T11:47:48.698641+0700 INFO 250925EN5QF1BP: cusname is Not Duplicated
2025-09-26T11:48:30.732610+0700 INFO Order: 250926F8NB3BNR Start!!
2025-09-26T11:48:43.799314+0700 INFO 250926F8NB3BNR: cusname is Not Duplicated
2025-09-26T11:49:15.092102+0700 INFO Order: 250926F8NB3BNR outer_Exception_Error!! 'NoneType' object has no attribute 'is_displayed'
2025-09-26T11:49:15.793665+0700 INFO Order: 250926FNF17CM3 Start!!
2025-09-26T11:49:28.464713+0700 INFO 250926FNF17CM3: cusname is Not Duplicated
2025-09-26T11:50:16.692318+0700 INFO Order: 250926F415B4ET Start!!
2025-09-26T11:50:33.573102+0700 INFO 250926F415B4ET: cusname is Not Duplicated
2025-09-26T11:51:26.416259+0700 INFO Order: 250926F415B4ET stop operation
2025-09-26T11:51:26.727011+0700 INFO Order: 250925EB3WNFGD Start!!
2025-09-26T11:52:22.095762+0700 INFO Order: 250925E7YKKAG6 Start!!
2025-09-26T11:52:35.193758+0700 INFO 250925E7YKKAG6: cusname is Not Duplicated
2025-09-26T11:53:42.793807+0700 INFO Order: 250925E931GBNP Start!!
2025-09-26T11:53:49.182946+0700 INFO 250925E931GBNP: compare self.current_address & self.desired_full_address
2025-09-26T11:53:49.182946+0700 INFO 
2025-09-26T11:53:49.183961+0700 INFO สำนักงานใหญ่75/1ซอยร่มเกล้า1แสนแสบมีนบุรีกรุงเทพมหานคร10510
2025-09-26T11:58:02.422399+0700 INFO Order: 250925EQDEV9QQ Start!!
2025-09-26T11:58:16.417114+0700 INFO 250925EQDEV9QQ: cusname is Not Duplicated
2025-09-26T11:59:07.156691+0700 INFO Order: 250925EQDEV9QQ stop operation
2025-09-26T11:59:08.396509+0700 INFO Order: 250925ED6SPMQG Start!!
2025-09-26T12:00:33.180353+0700 INFO Order: 250925E5YAET8S Start!!
2025-09-26T12:00:47.323235+0700 INFO 250925E5YAET8S: cusname is Not Duplicated
2025-09-26T12:02:14.457698+0700 INFO Order: 250926F607BDNP Start!!
2025-09-26T12:02:26.816843+0700 INFO 250926F607BDNP: cusname is Not Duplicated
2025-09-26T12:03:16.427695+0700 INFO Order: 250926FCUARRRE Start!!
2025-09-26T12:03:28.978984+0700 INFO 250926FCUARRRE: cusname is Not Duplicated
2025-09-26T12:04:17.420086+0700 INFO Order: 250925EG3XUNQ9 Start!!
2025-09-26T12:04:29.779182+0700 INFO 250925EG3XUNQ9: cusname is Not Duplicated
2025-09-26T12:05:47.003848+0700 INFO Order: 250925EME19EBN Start!!
2025-09-26T12:06:00.379228+0700 INFO 250925EME19EBN: cusname is Not Duplicated
2025-09-26T12:06:58.490705+0700 INFO Order: 250925EQ3XPXGP Start!!
2025-09-26T12:07:11.397914+0700 INFO 250925EQ3XPXGP: cusname is Not Duplicated
2025-09-26T12:08:03.026629+0700 INFO Order: 250925ER8EXT9N Start!!
2025-09-26T12:08:16.805819+0700 INFO 250925ER8EXT9N: cusname is Not Duplicated
2025-09-26T12:09:13.891203+0700 INFO Order: 250926F9TPX6TA Start!!
2025-09-26T12:09:28.804150+0700 INFO 250926F9TPX6TA: cusname is Not Duplicated
2025-09-26T12:10:50.342554+0700 INFO Order: 250926F9TPX6TA stop operation
2025-09-26T12:11:09.917464+0700 INFO Order: 250926F9TPX6TA outer_Exception_Error!! HTTPConnectionPool(host='localhost', port=59619): Max retries exceeded with url: /session/56a6acfacd6b46eb4e5814c6b0bd7717/element/f.5BE2065706A7B91A781B81736A03300C.d.7B39F1303C635CEA13250D9F8409226A.e.14041/text (Caused by NewConnectionError('<urllib3.connection.HTTPConnection object at 0x0000018CDAFB98E0>: Failed to establish a new connection: [WinError 10061] No connection could be made because the target machine actively refused it'))
2025-09-26T12:12:03.146247+0700 INFO Order: 250926FYHMS2QF Start!!
2025-09-26T12:12:30.187741+0700 INFO 250926FYHMS2QF: cusname is Not Duplicated
2025-09-26T12:13:22.076191+0700 INFO Order: 250925EGB4QXQD Start!!
2025-09-26T12:13:30.334519+0700 INFO Order: 250925EGB4QXQD outer_Exception_Error!! Message: no such element: Unable to locate element: {"method":"xpath","selector":"/html/body/div[2]/div[3]/div[2]/div[2]/div[2]/div[1]/div[2]/div/div/div[6]/form/div/span/span[1]/span/span[1]"}
  (Session info: chrome=140.0.7339.186); For documentation on this error, please visit: https://www.selenium.dev/documentation/webdriver/troubleshooting/errors#no-such-element-exception
Stacktrace:
	GetHandleVerifier [0x0x7ff652f2fca5+79861]
	GetHandleVerifier [0x0x7ff652f2fd00+79952]
	(No symbol) [0x0x7ff652cacada]
	(No symbol) [0x0x7ff652d04457]
	(No symbol) [0x0x7ff652d0471c]
	(No symbol) [0x0x7ff652d58217]
	(No symbol) [0x0x7ff652d2cb1f]
	(No symbol) [0x0x7ff652d54f8b]
	(No symbol) [0x0x7ff652d2c8b3]
	(No symbol) [0x0x7ff652cf5272]
	(No symbol) [0x0x7ff652cf6043]
	GetHandleVerifier [0x0x7ff6531eb9dd+2946349]
	GetHandleVerifier [0x0x7ff6531e5c5a+2922410]
	GetHandleVerifier [0x0x7ff6532059e7+3052855]
	GetHandleVerifier [0x0x7ff652f4aa8e+189918]
	GetHandleVerifier [0x0x7ff652f52a2f+222591]
	GetHandleVerifier [0x0x7ff652f38ac4+116244]
	GetHandleVerifier [0x0x7ff652f38c79+116681]
	GetHandleVerifier [0x0x7ff652f1f058+11176]
	BaseThreadInitThunk [0x0x7fffbe46e8d7+23]
	RtlUserThreadStart [0x0x7fffbfd68d9c+44]

2025-09-26T12:13:30.958389+0700 INFO Order: 250925DY5UG0M6 Start!!
2025-09-26T12:14:19.256150+0700 INFO Order: 250925E8B8FM3Q Start!!
2025-09-26T12:14:31.878125+0700 INFO 250925E8B8FM3Q: cusname is Not Duplicated
2025-09-26T12:15:21.838370+0700 INFO Order: 250925E5JGCBC9 Start!!
2025-09-26T12:21:57.724775+0700 INFO Order: 250925E77VDETD Start!!
2025-09-26T12:23:05.879446+0700 INFO Order: 250925E77VDETD stop operation
2025-09-26T12:23:07.377610+0700 INFO Order: 250925ED0FFVWC Start!!
2025-09-26T12:23:59.934117+0700 INFO Order: 250925EJW0F1YU Start!!
2025-09-26T12:24:05.616232+0700 INFO 250925EJW0F1YU: compare self.current_address & self.desired_full_address
2025-09-26T12:24:05.616232+0700 INFO 62/139หมู่ที่5วัดชลอบางกรวยนนทบุรี11130
2025-09-26T12:24:05.616232+0700 INFO เลขที่80/106อ่อนนุช53ประเวศประเวศกรุงเทพมหานคร10250
2025-09-26T12:25:07.266428+0700 INFO Order: 250925EMM6NY1T operation_task_thread_outer_Exception_Error!! Message: no such window: target window already closed
from unknown error: web view not found
  (Session info: chrome=140.0.7339.186)
Stacktrace:
	GetHandleVerifier [0x0x7ff652f2fca5+79861]
	GetHandleVerifier [0x0x7ff652f2fd00+79952]
	(No symbol) [0x0x7ff652cacada]
	(No symbol) [0x0x7ff652c84b91]
	(No symbol) [0x0x7ff652d340fe]
	(No symbol) [0x0x7ff652d548c2]
	(No symbol) [0x0x7ff652d2c8b3]
	(No symbol) [0x0x7ff652cf5272]
	(No symbol) [0x0x7ff652cf6043]
	GetHandleVerifier [0x0x7ff6531eb9dd+2946349]
	GetHandleVerifier [0x0x7ff6531e5c5a+2922410]
	GetHandleVerifier [0x0x7ff6532059e7+3052855]
	GetHandleVerifier [0x0x7ff652f4aa8e+189918]
	GetHandleVerifier [0x0x7ff652f52a2f+222591]
	GetHandleVerifier [0x0x7ff652f38ac4+116244]
	GetHandleVerifier [0x0x7ff652f38c79+116681]
	GetHandleVerifier [0x0x7ff652f1f058+11176]
	BaseThreadInitThunk [0x0x7fffbe46e8d7+23]
	RtlUserThreadStart [0x0x7fffbfd68d9c+44]

2025-09-26T12:25:12.941330+0700 INFO Order: 250926FWMDW513 Start!!
2025-09-26T12:25:25.665357+0700 INFO 250926FWMDW513: cusname is Not Duplicated
2025-09-26T12:26:13.854751+0700 INFO Order: 250926G05RFR1K Start!!
2025-09-26T12:26:19.851265+0700 INFO 250926G05RFR1K: compare self.current_address & self.desired_full_address
2025-09-26T12:26:19.851265+0700 INFO 1/785ม.17คูคตลำลูกกาปทุมธานี12130
2025-09-26T12:26:19.852280+0700 INFO ซีบีเมดดิคอลแอนด์แล็บบริษัททรัพย์เจริญก้าวหน้า1/785ม.17ซ.พหลโยธิน60คูคตลำลูกกาปทุมธานี12130
2025-09-26T12:27:41.525600+0700 INFO Order: 250925EES1M4SD Start!!
2025-09-26T12:28:02.574966+0700 INFO 250925EES1M4SD: cusname is Not Duplicated
2025-09-26T12:28:42.933159+0700 INFO Order: 250925EV8KR8P2 Start!!
2025-09-26T12:29:13.797764+0700 INFO 250925EV8KR8P2: cusname is Not Duplicated
2025-09-26T12:29:53.617231+0700 INFO Order: 250925EVPUMFQ8 Start!!
2025-09-26T12:30:05.711633+0700 INFO 250925EVPUMFQ8: cusname is Not Duplicated
2025-09-26T12:30:50.835343+0700 INFO Order: 250925EW8DB3XJ Start!!
2025-09-26T12:31:05.804644+0700 INFO 250925EW8DB3XJ: cusname is Not Duplicated
2025-09-26T12:31:44.045878+0700 INFO Order: 250926F102BBFP Start!!
2025-09-26T12:31:56.136679+0700 INFO 250926F102BBFP: cusname is Not Duplicated
2025-09-26T12:33:04.006919+0700 INFO Order: 250926F102BBFP outer_Exception_Error!! 'NoneType' object has no attribute 'is_displayed'
2025-09-26T12:33:04.495961+0700 INFO Order: 250926F1J2AQ1R Start!!
2025-09-26T12:33:25.493546+0700 INFO 250926F1J2AQ1R: cusname is Not Duplicated
2025-09-26T14:35:38.509640+0700 INFO Order: 250926F31XUHJ5 Start!!
2025-09-26T14:35:52.352797+0700 INFO 250926F31XUHJ5: cusname is Not Duplicated
2025-09-26T14:36:38.915111+0700 INFO Order: 250925EW7QD8QF Start!!
2025-09-26T14:37:49.263822+0700 INFO Order: 250926F0ST199F Start!!
2025-09-26T14:38:02.563776+0700 INFO 250926F0ST199F: cusname is Not Duplicated
2025-09-26T14:38:58.677048+0700 INFO Order: 250925EBPB215C Start!!
2025-09-26T14:40:41.417482+0700 INFO Order: 250925EBPB215C stop operation
2025-09-26T14:40:43.105976+0700 INFO Order: 250925ETQPSKQT Start!!
2025-09-26T14:40:53.943156+0700 INFO Order: 250925ETQPSKQT outer_Exception_Error!! Message: element click intercepted: Element <button class="btn btn-sm btn-outline btn-primary " type="button" id="newMember" ng-click="findNewMember(true);" ng-hide="_readOnlyPage === '1'" ng-show="posbook.data.transactionTypeId === undefined || (posbook.data.transactionTypeId === 91200001 &amp;&amp; posbook.data.orderStatus.lookupMasterId !== 10820007)" title="">...</button> is not clickable at point (1172, 418). Other element would receive the click: <div class="col-sm-12">...</div>
  (Session info: chrome=140.0.7339.186)
Stacktrace:
	GetHandleVerifier [0x0x7ff652f2fca5+79861]
	GetHandleVerifier [0x0x7ff652f2fd00+79952]
	(No symbol) [0x0x7ff652cacada]
	(No symbol) [0x0x7ff652d0c5d9]
	(No symbol) [0x0x7ff652d09f5e]
	(No symbol) [0x0x7ff652d06eb1]
	(No symbol) [0x0x7ff652d05da0]
	(No symbol) [0x0x7ff652cf7338]
	(No symbol) [0x0x7ff652d2cada]
	(No symbol) [0x0x7ff652cf6bc6]
	(No symbol) [0x0x7ff652d2ccf0]
	(No symbol) [0x0x7ff652d54f8b]
	(No symbol) [0x0x7ff652d2c8b3]
	(No symbol) [0x0x7ff652cf5272]
	(No symbol) [0x0x7ff652cf6043]
	GetHandleVerifier [0x0x7ff6531eb9dd+2946349]
	GetHandleVerifier [0x0x7ff6531e5c5a+2922410]
	GetHandleVerifier [0x0x7ff6532059e7+3052855]
	GetHandleVerifier [0x0x7ff652f4aa8e+189918]
	GetHandleVerifier [0x0x7ff652f52a2f+222591]
	GetHandleVerifier [0x0x7ff652f38ac4+116244]
	GetHandleVerifier [0x0x7ff652f38c79+116681]
	GetHandleVerifier [0x0x7ff652f1f058+11176]
	BaseThreadInitThunk [0x0x7fffbe46e8d7+23]
	RtlUserThreadStart [0x0x7fffbfd68d9c+44]

2025-09-26T14:40:55.411204+0700 INFO Order: 250925EX31WBTD Start!!
2025-09-26T14:41:07.797667+0700 INFO 250925EX31WBTD: cusname is Not Duplicated
2025-09-26T14:41:47.595754+0700 INFO Order: 250926F2V9NXXN Start!!
2025-09-26T14:42:50.053063+0700 INFO Order: 250925EDDTS8K1 Start!!
2025-09-26T14:43:02.116048+0700 INFO 250925EDDTS8K1: cusname is Not Duplicated
2025-09-26T14:44:28.736054+0700 INFO Order: 250926F0QJG5F3 Start!!
2025-09-26T14:45:24.860299+0700 INFO Order: 250926F2EMX0GV Start!!
2025-09-26T14:46:26.128333+0700 INFO Order: 250925EGK4AT22 Start!!
2025-09-26T14:46:38.724681+0700 INFO 250925EGK4AT22: cusname is Not Duplicated
2025-09-26T14:47:21.432926+0700 INFO Order: 250925ERP1TMRU Start!!
2025-09-26T14:47:34.498982+0700 INFO 250925ERP1TMRU: cusname is Not Duplicated
2025-09-26T14:48:14.749074+0700 INFO Order: 250925ES2S12J3 Start!!
2025-09-26T14:49:33.295942+0700 INFO Order: 250925ES2S12J3 stop operation
2025-09-26T14:49:34.041733+0700 INFO Order: 250925EYS1WSWG Start!!
2025-09-26T14:49:46.402059+0700 INFO 250925EYS1WSWG: cusname is Not Duplicated
2025-09-26T14:50:27.650320+0700 INFO Order: 250926FDU0FTUA Start!!
2025-09-26T14:50:48.353416+0700 INFO 250926FDU0FTUA: cusname is Not Duplicated
2025-09-26T14:50:50.305471+0700 INFO 250926FDU0FTUA: compare self.current_address & self.desired_full_address
2025-09-26T14:50:50.306639+0700 INFO 77/79ม.3เสม็ด เมืองชลบุรีชลบุรี20130
2025-09-26T14:50:50.307646+0700 INFO 77/79ม.3เสม็ดเมืองชลบุรีชลบุรี20000
2025-09-26T14:52:39.062372+0700 INFO Order: 250926F415B4ET Start!!
2025-09-26T14:53:10.536529+0700 INFO Order: 250926F415B4ET stop operation
2025-09-26T14:53:11.234579+0700 INFO Order: 250925EQDEV9QQ Start!!
2025-09-26T14:54:04.655579+0700 INFO Order: 250925EQDEV9QQ stop operation
2025-09-26T15:00:46.420230+0700 INFO Order: 250925EGB4QXQD Start!!
2025-09-26T15:01:00.637296+0700 INFO 250925EGB4QXQD: cusname is Not Duplicated
2025-09-26T15:02:12.850509+0700 INFO Order: 250925EMM6NY1T Start!!
2025-09-26T15:02:25.247223+0700 INFO 250925EMM6NY1T: cusname is Not Duplicated
2025-09-26T15:03:10.062935+0700 INFO Order: 250925ETQPSKQT Start!!
2025-09-26T15:03:22.195663+0700 INFO 250925ETQPSKQT: cusname is Not Duplicated
2025-09-26T15:05:58.016353+0700 INFO Order: 250925DRXTWF1X Start!!
2025-09-26T15:11:14.258367+0700 INFO Order: 250925DKXE7VAP Start!!
2025-09-26T15:11:16.487853+0700 INFO Order: 250925DKXE7VAP outer_Exception_Error!! method operation_start Error : Traceback (most recent call last):
  File "c:\Users\ONLINE_MIS\Desktop\Trans-am 31-01-2022\Projects\python\Python\projects\auto_page\autopageMKII\autopage_MKII_ver3_1_4.py", line 3238, in operation_start
    self.searchBtn.click()
  File "C:\Users\ONLINE_MIS\AppData\Local\Programs\Python\Python312\Lib\site-packages\selenium\webdriver\remote\webelement.py", line 94, in click
    self._execute(Command.CLICK_ELEMENT)
  File "C:\Users\ONLINE_MIS\AppData\Local\Programs\Python\Python312\Lib\site-packages\selenium\webdriver\remote\webelement.py", line 395, in _execute
    return self._parent.execute(command, params)
           ^^^^^^^^^^^^^^^^^^^^^^^^^^^^^^^^^^^^^
  File "C:\Users\ONLINE_MIS\AppData\Local\Programs\Python\Python312\Lib\site-packages\selenium\webdriver\remote\webdriver.py", line 354, in execute
    self.error_handler.check_response(response)
  File "C:\Users\ONLINE_MIS\AppData\Local\Programs\Python\Python312\Lib\site-packages\selenium\webdriver\remote\errorhandler.py", line 229, in check_response
    raise exception_class(message, screen, stacktrace)
selenium.common.exceptions.ElementClickInterceptedException: Message: element click intercepted: Element <button data-v-ff857689="" data-v-2df5d49d="" type="button" class="eds-button eds-button--primary eds-button--normal eds-button--outline search-btn" data-testid="order-list-search">...</button> is not clickable at point (1072, 286). Other element would receive the click: <div data-v-3aa22e21="" class="panel-item-container shopee-cs-chat-scope-style shopee-chat-scope-style">...</div>
  (Session info: chrome=140.0.7339.186)
Stacktrace:
	GetHandleVerifier [0x0x7ff652f2fca5+79861]
	GetHandleVerifier [0x0x7ff652f2fd00+79952]
	(No symbol) [0x0x7ff652cacada]
	(No symbol) [0x0x7ff652d0c5d9]
	(No symbol) [0x0x7ff652d09f5e]
	(No symbol) [0x0x7ff652d06eb1]
	(No symbol) [0x0x7ff652d05da0]
	(No symbol) [0x0x7ff652cf7338]
	(No symbol) [0x0x7ff652d2cada]
	(No symbol) [0x0x7ff652cf6bc6]
	(No symbol) [0x0x7ff652d2ccf0]
	(No symbol) [0x0x7ff652d54f8b]
	(No symbol) [0x0x7ff652d2c8b3]
	(No symbol) [0x0x7ff652cf5272]
	(No symbol) [0x0x7ff652cf6043]
	GetHandleVerifier [0x0x7ff6531eb9dd+2946349]
	GetHandleVerifier [0x0x7ff6531e5c5a+2922410]
	GetHandleVerifier [0x0x7ff6532059e7+3052855]
	GetHandleVerifier [0x0x7ff652f4aa8e+189918]
	GetHandleVerifier [0x0x7ff652f52a2f+222591]
	GetHandleVerifier [0x0x7ff652f38ac4+116244]
	GetHandleVerifier [0x0x7ff652f38c79+116681]
	GetHandleVerifier [0x0x7ff652f1f058+11176]
	BaseThreadInitThunk [0x0x7fffbe46e8d7+23]
	RtlUserThreadStart [0x0x7fffbfd68d9c+44]


2025-09-26T15:11:35.918730+0700 INFO Order: 250925DKXE7VAP stop operation
2025-09-26T15:11:35.940587+0700 INFO Order: 250925DKXE7VAP outer_Exception_Error!! Message: no such element: element not found
  (Session info: chrome=140.0.7339.186); For documentation on this error, please visit: https://www.selenium.dev/documentation/webdriver/troubleshooting/errors#no-such-element-exception
Stacktrace:
	GetHandleVerifier [0x0x7ff652f2fca5+79861]
	GetHandleVerifier [0x0x7ff652f2fd00+79952]
	(No symbol) [0x0x7ff652cacada]
	(No symbol) [0x0x7ff652cc3295]
	(No symbol) [0x0x7ff652cc1d83]
	(No symbol) [0x0x7ff652cb5377]
	(No symbol) [0x0x7ff652cb3230]
	(No symbol) [0x0x7ff652cb770f]
	(No symbol) [0x0x7ff652cb77cf]
	(No symbol) [0x0x7ff652cfde36]
	(No symbol) [0x0x7ff652d2cada]
	(No symbol) [0x0x7ff652cf6bc6]
	(No symbol) [0x0x7ff652d2ccf0]
	(No symbol) [0x0x7ff652d54f8b]
	(No symbol) [0x0x7ff652d2c8b3]
	(No symbol) [0x0x7ff652cf5272]
	(No symbol) [0x0x7ff652cf6043]
	GetHandleVerifier [0x0x7ff6531eb9dd+2946349]
	GetHandleVerifier [0x0x7ff6531e5c5a+2922410]
	GetHandleVerifier [0x0x7ff6532059e7+3052855]
	GetHandleVerifier [0x0x7ff652f4aa8e+189918]
	GetHandleVerifier [0x0x7ff652f52a2f+222591]
	GetHandleVerifier [0x0x7ff652f38ac4+116244]
	GetHandleVerifier [0x0x7ff652f38c79+116681]
	GetHandleVerifier [0x0x7ff652f1f058+11176]
	BaseThreadInitThunk [0x0x7fffbe46e8d7+23]
	RtlUserThreadStart [0x0x7fffbfd68d9c+44]

2025-09-26T15:11:50.393405+0700 INFO Order: 250925DKXE7VAP Start!!
2025-09-26T15:11:52.453581+0700 INFO Order: 250925DKXE7VAP outer_Exception_Error!! method operation_start Error : Traceback (most recent call last):
  File "c:\Users\ONLINE_MIS\Desktop\Trans-am 31-01-2022\Projects\python\Python\projects\auto_page\autopageMKII\autopage_MKII_ver3_1_4.py", line 3238, in operation_start
    self.searchBtn.click()
  File "C:\Users\ONLINE_MIS\AppData\Local\Programs\Python\Python312\Lib\site-packages\selenium\webdriver\remote\webelement.py", line 94, in click
    self._execute(Command.CLICK_ELEMENT)
  File "C:\Users\ONLINE_MIS\AppData\Local\Programs\Python\Python312\Lib\site-packages\selenium\webdriver\remote\webelement.py", line 395, in _execute
    return self._parent.execute(command, params)
           ^^^^^^^^^^^^^^^^^^^^^^^^^^^^^^^^^^^^^
  File "C:\Users\ONLINE_MIS\AppData\Local\Programs\Python\Python312\Lib\site-packages\selenium\webdriver\remote\webdriver.py", line 354, in execute
    self.error_handler.check_response(response)
  File "C:\Users\ONLINE_MIS\AppData\Local\Programs\Python\Python312\Lib\site-packages\selenium\webdriver\remote\errorhandler.py", line 229, in check_response
    raise exception_class(message, screen, stacktrace)
selenium.common.exceptions.ElementClickInterceptedException: Message: element click intercepted: Element <button data-v-ff857689="" data-v-2df5d49d="" type="button" class="eds-button eds-button--primary eds-button--normal eds-button--outline search-btn" data-testid="order-list-search">...</button> is not clickable at point (1072, 286). Other element would receive the click: <div data-v-3aa22e21="" class="panel-item-container shopee-cs-chat-scope-style shopee-chat-scope-style">...</div>
  (Session info: chrome=140.0.7339.186)
Stacktrace:
	GetHandleVerifier [0x0x7ff652f2fca5+79861]
	GetHandleVerifier [0x0x7ff652f2fd00+79952]
	(No symbol) [0x0x7ff652cacada]
	(No symbol) [0x0x7ff652d0c5d9]
	(No symbol) [0x0x7ff652d09f5e]
	(No symbol) [0x0x7ff652d06eb1]
	(No symbol) [0x0x7ff652d05da0]
	(No symbol) [0x0x7ff652cf7338]
	(No symbol) [0x0x7ff652d2cada]
	(No symbol) [0x0x7ff652cf6bc6]
	(No symbol) [0x0x7ff652d2ccf0]
	(No symbol) [0x0x7ff652d54f8b]
	(No symbol) [0x0x7ff652d2c8b3]
	(No symbol) [0x0x7ff652cf5272]
	(No symbol) [0x0x7ff652cf6043]
	GetHandleVerifier [0x0x7ff6531eb9dd+2946349]
	GetHandleVerifier [0x0x7ff6531e5c5a+2922410]
	GetHandleVerifier [0x0x7ff6532059e7+3052855]
	GetHandleVerifier [0x0x7ff652f4aa8e+189918]
	GetHandleVerifier [0x0x7ff652f52a2f+222591]
	GetHandleVerifier [0x0x7ff652f38ac4+116244]
	GetHandleVerifier [0x0x7ff652f38c79+116681]
	GetHandleVerifier [0x0x7ff652f1f058+11176]
	BaseThreadInitThunk [0x0x7fffbe46e8d7+23]
	RtlUserThreadStart [0x0x7fffbfd68d9c+44]


2025-09-26T15:12:20.759742+0700 INFO Order: 250925DKXE7VAP Start!!
2025-09-26T15:13:36.354734+0700 INFO Order: 250925DRXTWF1X Start!!
2025-09-26T15:23:15.902689+0700 INFO Order: 250925ES2S12J3 Start!!
2025-09-26T15:27:47.214236+0700 INFO Order: 250925EBPB215C Start!!
2025-09-26T15:27:51.272566+0700 INFO Order: 250925EBPB215C outer_Exception_Error!! Message: no such element: Unable to locate element: {"method":"xpath","selector":"/html/body/div[2]/div[2]/div[2]/div[1]/label/div/button"}
  (Session info: chrome=140.0.7339.186); For documentation on this error, please visit: https://www.selenium.dev/documentation/webdriver/troubleshooting/errors#no-such-element-exception
Stacktrace:
	GetHandleVerifier [0x0x7ff652f2fca5+79861]
	GetHandleVerifier [0x0x7ff652f2fd00+79952]
	(No symbol) [0x0x7ff652cacada]
	(No symbol) [0x0x7ff652d04457]
	(No symbol) [0x0x7ff652d0471c]
	(No symbol) [0x0x7ff652d58217]
	(No symbol) [0x0x7ff652d2cb1f]
	(No symbol) [0x0x7ff652d54f8b]
	(No symbol) [0x0x7ff652d2c8b3]
	(No symbol) [0x0x7ff652cf5272]
	(No symbol) [0x0x7ff652cf6043]
	GetHandleVerifier [0x0x7ff6531eb9dd+2946349]
	GetHandleVerifier [0x0x7ff6531e5c5a+2922410]
	GetHandleVerifier [0x0x7ff6532059e7+3052855]
	GetHandleVerifier [0x0x7ff652f4aa8e+189918]
	GetHandleVerifier [0x0x7ff652f52a2f+222591]
	GetHandleVerifier [0x0x7ff652f38ac4+116244]
	GetHandleVerifier [0x0x7ff652f38c79+116681]
	GetHandleVerifier [0x0x7ff652f1f058+11176]
	BaseThreadInitThunk [0x0x7fffbe46e8d7+23]
	RtlUserThreadStart [0x0x7fffbfd68d9c+44]

2025-09-26T15:29:30.744361+0700 INFO Order: 250925EBPB215C outer_Exception_Error!! Message: no such element: element not found
  (Session info: chrome=140.0.7339.186); For documentation on this error, please visit: https://www.selenium.dev/documentation/webdriver/troubleshooting/errors#no-such-element-exception
Stacktrace:
	GetHandleVerifier [0x0x7ff652f2fca5+79861]
	GetHandleVerifier [0x0x7ff652f2fd00+79952]
	(No symbol) [0x0x7ff652cacada]
	(No symbol) [0x0x7ff652cc3295]
	(No symbol) [0x0x7ff652cc1d83]
	(No symbol) [0x0x7ff652cb5377]
	(No symbol) [0x0x7ff652cb54f1]
	(No symbol) [0x0x7ff652cb3230]
	(No symbol) [0x0x7ff652cb7a51]
	(No symbol) [0x0x7ff652d5630b]
	(No symbol) [0x0x7ff652d2cada]
	(No symbol) [0x0x7ff652d54f8b]
	(No symbol) [0x0x7ff652d2c8b3]
	(No symbol) [0x0x7ff652cf5272]
	(No symbol) [0x0x7ff652cf6043]
	GetHandleVerifier [0x0x7ff6531eb9dd+2946349]
	GetHandleVerifier [0x0x7ff6531e5c5a+2922410]
	GetHandleVerifier [0x0x7ff6532059e7+3052855]
	GetHandleVerifier [0x0x7ff652f4aa8e+189918]
	GetHandleVerifier [0x0x7ff652f52a2f+222591]
	GetHandleVerifier [0x0x7ff652f38ac4+116244]
	GetHandleVerifier [0x0x7ff652f38c79+116681]
	GetHandleVerifier [0x0x7ff652f1f058+11176]
	BaseThreadInitThunk [0x0x7fffbe46e8d7+23]
	RtlUserThreadStart [0x0x7fffbfd68d9c+44]

2025-09-26T15:29:30.962759+0700 INFO Order: 250925EBPB215C Start!!
2025-09-26T15:33:19.378348+0700 INFO Order: 250925E77VDETD Start!!
2025-09-26T17:15:49.635596+0700 INFO Order: 2509238JCCPN35 Not found in the shopee's Export File
2025-09-26T17:15:50.012152+0700 INFO Order: 2509238JCCPN35 Start!!
2025-09-26T17:15:57.275811+0700 INFO Order: 2509238JCCPN35 outer_Exception_Error!! Message: no such element: Unable to locate element: {"method":"xpath","selector":"/html/body/span/span/span[2]/ul/li"}
  (Session info: chrome=140.0.7339.186); For documentation on this error, please visit: https://www.selenium.dev/documentation/webdriver/troubleshooting/errors#no-such-element-exception
Stacktrace:
	GetHandleVerifier [0x0x7ff652f2fca5+79861]
	GetHandleVerifier [0x0x7ff652f2fd00+79952]
	(No symbol) [0x0x7ff652cacada]
	(No symbol) [0x0x7ff652d04457]
	(No symbol) [0x0x7ff652d0471c]
	(No symbol) [0x0x7ff652d58217]
	(No symbol) [0x0x7ff652d2cb1f]
	(No symbol) [0x0x7ff652d54f8b]
	(No symbol) [0x0x7ff652d2c8b3]
	(No symbol) [0x0x7ff652cf5272]
	(No symbol) [0x0x7ff652cf6043]
	GetHandleVerifier [0x0x7ff6531eb9dd+2946349]
	GetHandleVerifier [0x0x7ff6531e5c5a+2922410]
	GetHandleVerifier [0x0x7ff6532059e7+3052855]
	GetHandleVerifier [0x0x7ff652f4aa8e+189918]
	GetHandleVerifier [0x0x7ff652f52a2f+222591]
	GetHandleVerifier [0x0x7ff652f38ac4+116244]
	GetHandleVerifier [0x0x7ff652f38c79+116681]
	GetHandleVerifier [0x0x7ff652f1f058+11176]
	BaseThreadInitThunk [0x0x7fffbe46e8d7+23]
	RtlUserThreadStart [0x0x7fffbfd68d9c+44]

2025-09-26T17:21:39.720937+0700 INFO Order: 2509238JCCPN35 Not found in the shopee's Export File
2025-09-26T17:21:39.936093+0700 INFO Order: 2509238JCCPN35 Start!!
2025-09-26T17:21:50.111543+0700 INFO Order: 2509238JCCPN35 stop operation
2025-09-27T11:11:39.131057+0700 INFO Order: 250926GNQ6SP74 Start!!
2025-09-27T11:12:39.323825+0700 INFO Order: 250927JFPV7S2Q Start!!
2025-09-27T11:12:48.411974+0700 INFO Order: 250927JFPV7S2Q outer_Exception_Error!! Message: no such element: Unable to locate element: {"method":"xpath","selector":"/html/body/div[2]/div[3]/div[2]/div[2]/div[2]/div[1]/div[2]/div/div/div[6]/form/div/span/span[1]/span/span[1]"}
  (Session info: chrome=140.0.7339.186); For documentation on this error, please visit: https://www.selenium.dev/documentation/webdriver/troubleshooting/errors#no-such-element-exception
Stacktrace:
	GetHandleVerifier [0x0x7ff63fa4fca5+79861]
	GetHandleVerifier [0x0x7ff63fa4fd00+79952]
	(No symbol) [0x0x7ff63f7ccada]
	(No symbol) [0x0x7ff63f824457]
	(No symbol) [0x0x7ff63f82471c]
	(No symbol) [0x0x7ff63f878217]
	(No symbol) [0x0x7ff63f84cb1f]
	(No symbol) [0x0x7ff63f874f8b]
	(No symbol) [0x0x7ff63f84c8b3]
	(No symbol) [0x0x7ff63f815272]
	(No symbol) [0x0x7ff63f816043]
	GetHandleVerifier [0x0x7ff63fd0b9dd+2946349]
	GetHandleVerifier [0x0x7ff63fd05c5a+2922410]
	GetHandleVerifier [0x0x7ff63fd259e7+3052855]
	GetHandleVerifier [0x0x7ff63fa6aa8e+189918]
	GetHandleVerifier [0x0x7ff63fa72a2f+222591]
	GetHandleVerifier [0x0x7ff63fa58ac4+116244]
	GetHandleVerifier [0x0x7ff63fa58c79+116681]
	GetHandleVerifier [0x0x7ff63fa3f058+11176]
	BaseThreadInitThunk [0x0x7fffbe46e8d7+23]
	RtlUserThreadStart [0x0x7fffbfd68d9c+44]

2025-09-27T11:12:49.406996+0700 INFO Order: 250926GSPRFSMQ Start!!
2025-09-27T11:12:55.402579+0700 INFO 250926GSPRFSMQ: compare self.current_address & self.desired_full_address
2025-09-27T11:12:55.403593+0700 INFO 84/45ถนนนนทรี0ช่องนนทรียานนาวากรุงเทพมหานคร10120
2025-09-27T11:12:55.403593+0700 INFO 84/45ถนนนนทรีช่องนนทรียานนาวากรุงเทพมหานคร10120
2025-09-27T11:15:53.330906+0700 INFO Order: 250926GS0YBQA9 Start!!
2025-09-27T11:17:15.698260+0700 INFO Order: 250926GVC7NQRW Start!!
2025-09-27T11:18:04.068007+0700 INFO Order: 250926H218789C Start!!
2025-09-27T11:18:14.950682+0700 INFO Order: 250926H218789C outer_Exception_Error!! Message: element click intercepted: Element <button class="btn btn-sm btn-outline btn-primary " type="button" id="newMember" ng-click="findNewMember(true);" ng-hide="_readOnlyPage === '1'" ng-show="posbook.data.transactionTypeId === undefined || (posbook.data.transactionTypeId === 91200001 &amp;&amp; posbook.data.orderStatus.lookupMasterId !== 10820007)" title="">...</button> is not clickable at point (1124, 418). Other element would receive the click: <textarea class="form-control validate ng-pristine ng-untouched ng-valid ng-empty ng-valid-maxlength" rows="4" maxlength="150" placeholder="Define 150 digits." validate-special-character="" check-sc="',&amp;" style="resize: none;" id="addressCustomer" name="addressCustomer" ng-model="memberNew.data.dataOfMemberAddress.custAddress" title=""></textarea>
  (Session info: chrome=140.0.7339.186)
Stacktrace:
	GetHandleVerifier [0x0x7ff63fa4fca5+79861]
	GetHandleVerifier [0x0x7ff63fa4fd00+79952]
	(No symbol) [0x0x7ff63f7ccada]
	(No symbol) [0x0x7ff63f82c5d9]
	(No symbol) [0x0x7ff63f829f5e]
	(No symbol) [0x0x7ff63f826eb1]
	(No symbol) [0x0x7ff63f825da0]
	(No symbol) [0x0x7ff63f817338]
	(No symbol) [0x0x7ff63f84cada]
	(No symbol) [0x0x7ff63f816bc6]
	(No symbol) [0x0x7ff63f84ccf0]
	(No symbol) [0x0x7ff63f874f8b]
	(No symbol) [0x0x7ff63f84c8b3]
	(No symbol) [0x0x7ff63f815272]
	(No symbol) [0x0x7ff63f816043]
	GetHandleVerifier [0x0x7ff63fd0b9dd+2946349]
	GetHandleVerifier [0x0x7ff63fd05c5a+2922410]
	GetHandleVerifier [0x0x7ff63fd259e7+3052855]
	GetHandleVerifier [0x0x7ff63fa6aa8e+189918]
	GetHandleVerifier [0x0x7ff63fa72a2f+222591]
	GetHandleVerifier [0x0x7ff63fa58ac4+116244]
	GetHandleVerifier [0x0x7ff63fa58c79+116681]
	GetHandleVerifier [0x0x7ff63fa3f058+11176]
	BaseThreadInitThunk [0x0x7fffbe46e8d7+23]
	RtlUserThreadStart [0x0x7fffbfd68d9c+44]

2025-09-27T11:18:15.877870+0700 INFO Order: 250927HP7CUBQ4 Start!!
2025-09-27T11:18:28.305714+0700 INFO 250927HP7CUBQ4: cusname is Not Duplicated
2025-09-27T11:19:19.422184+0700 INFO Order: 250927HQVBJFC4 Start!!
2025-09-27T11:19:33.005870+0700 INFO 250927HQVBJFC4: cusname is Not Duplicated
2025-09-27T11:20:12.866475+0700 INFO Order: 250926GN8CRUQU Start!!
2025-09-27T11:20:26.112478+0700 INFO 250926GN8CRUQU: cusname is Not Duplicated
2025-09-27T11:25:52.829696+0700 INFO Order: 250927JFPV7S2Q Start!!
2025-09-27T11:26:07.971912+0700 INFO 250927JFPV7S2Q: cusname is Not Duplicated
2025-09-27T11:26:47.119893+0700 INFO Order: 250926GN8CRUQU Start!!
2025-09-27T11:26:50.965804+0700 INFO Order: 250926GN8CRUQU outer_Exception_Error!! Message: no such element: Unable to locate element: {"method":"xpath","selector":"/html/body/div[2]/div[2]/div[2]/div[1]/label/div/button"}
  (Session info: chrome=140.0.7339.186); For documentation on this error, please visit: https://www.selenium.dev/documentation/webdriver/troubleshooting/errors#no-such-element-exception
Stacktrace:
	GetHandleVerifier [0x0x7ff63fa4fca5+79861]
	GetHandleVerifier [0x0x7ff63fa4fd00+79952]
	(No symbol) [0x0x7ff63f7ccada]
	(No symbol) [0x0x7ff63f824457]
	(No symbol) [0x0x7ff63f82471c]
	(No symbol) [0x0x7ff63f878217]
	(No symbol) [0x0x7ff63f84cb1f]
	(No symbol) [0x0x7ff63f874f8b]
	(No symbol) [0x0x7ff63f84c8b3]
	(No symbol) [0x0x7ff63f815272]
	(No symbol) [0x0x7ff63f816043]
	GetHandleVerifier [0x0x7ff63fd0b9dd+2946349]
	GetHandleVerifier [0x0x7ff63fd05c5a+2922410]
	GetHandleVerifier [0x0x7ff63fd259e7+3052855]
	GetHandleVerifier [0x0x7ff63fa6aa8e+189918]
	GetHandleVerifier [0x0x7ff63fa72a2f+222591]
	GetHandleVerifier [0x0x7ff63fa58ac4+116244]
	GetHandleVerifier [0x0x7ff63fa58c79+116681]
	GetHandleVerifier [0x0x7ff63fa3f058+11176]
	BaseThreadInitThunk [0x0x7fffbe46e8d7+23]
	RtlUserThreadStart [0x0x7fffbfd68d9c+44]

2025-09-27T11:26:51.991550+0700 INFO Order: 250926GTAMKS13 Start!!
2025-09-27T11:27:00.938379+0700 INFO Order: 250926GTAMKS13 outer_Exception_Error!! main thread is not in main loop
2025-09-27T11:29:01.673589+0700 INFO Order: 250926GN8CRUQU Start!!
2025-09-27T11:29:07.896261+0700 INFO Order: 250926GN8CRUQU stop operation
2025-09-27T11:29:16.600926+0700 INFO Order: 250926GTAMKS13 Start!!
2025-09-27T11:29:20.088763+0700 INFO Order: 250926GTAMKS13 stop operation
2025-09-27T11:29:22.567118+0700 INFO Order: 250926GTAMKS13 outer_Exception_Error!! Message: element click intercepted: Element <button class="btn btn-outline-secondary dropdown-toggle ng-binding" style="border-radius: 0px 4px 4px 0px;padding: 4px 10px;background-color: antiquewhite;" type="button" data-toggle="dropdown" aria-expanded="false" title="">...</button> is not clickable at point (1017, 330). Other element would receive the click: <li class="select2-results__option select2-results__option--highlighted" role="treeitem" aria-selected="false" data-select2-id="470">...</li>
  (Session info: chrome=140.0.7339.186)
Stacktrace:
	GetHandleVerifier [0x0x7ff63fa4fca5+79861]
	GetHandleVerifier [0x0x7ff63fa4fd00+79952]
	(No symbol) [0x0x7ff63f7ccada]
	(No symbol) [0x0x7ff63f82c5d9]
	(No symbol) [0x0x7ff63f829f5e]
	(No symbol) [0x0x7ff63f826eb1]
	(No symbol) [0x0x7ff63f825da0]
	(No symbol) [0x0x7ff63f817338]
	(No symbol) [0x0x7ff63f84cada]
	(No symbol) [0x0x7ff63f816bc6]
	(No symbol) [0x0x7ff63f84ccf0]
	(No symbol) [0x0x7ff63f874f8b]
	(No symbol) [0x0x7ff63f84c8b3]
	(No symbol) [0x0x7ff63f815272]
	(No symbol) [0x0x7ff63f816043]
	GetHandleVerifier [0x0x7ff63fd0b9dd+2946349]
	GetHandleVerifier [0x0x7ff63fd05c5a+2922410]
	GetHandleVerifier [0x0x7ff63fd259e7+3052855]
	GetHandleVerifier [0x0x7ff63fa6aa8e+189918]
	GetHandleVerifier [0x0x7ff63fa72a2f+222591]
	GetHandleVerifier [0x0x7ff63fa58ac4+116244]
	GetHandleVerifier [0x0x7ff63fa58c79+116681]
	GetHandleVerifier [0x0x7ff63fa3f058+11176]
	BaseThreadInitThunk [0x0x7fffbe46e8d7+23]
	RtlUserThreadStart [0x0x7fffbfd68d9c+44]

2025-09-27T11:29:23.716025+0700 INFO Order: 250927HNH2J39R Start!!
2025-09-27T11:29:25.538776+0700 INFO Order: 250927HNH2J39R stop operation
2025-09-27T11:29:28.767509+0700 INFO Order: 250926H0K2Y3B3 Start!!
2025-09-27T11:29:33.678259+0700 INFO Order: 250926H0K2Y3B3 outer_Exception_Error!! Message: no such element: Unable to locate element: {"method":"xpath","selector":"/html/body/div[2]/div[2]/div[2]/div[1]/label/div/button"}
  (Session info: chrome=140.0.7339.186); For documentation on this error, please visit: https://www.selenium.dev/documentation/webdriver/troubleshooting/errors#no-such-element-exception
Stacktrace:
	GetHandleVerifier [0x0x7ff63fa4fca5+79861]
	GetHandleVerifier [0x0x7ff63fa4fd00+79952]
	(No symbol) [0x0x7ff63f7ccada]
	(No symbol) [0x0x7ff63f824457]
	(No symbol) [0x0x7ff63f82471c]
	(No symbol) [0x0x7ff63f878217]
	(No symbol) [0x0x7ff63f84cb1f]
	(No symbol) [0x0x7ff63f874f8b]
	(No symbol) [0x0x7ff63f84c8b3]
	(No symbol) [0x0x7ff63f815272]
	(No symbol) [0x0x7ff63f816043]
	GetHandleVerifier [0x0x7ff63fd0b9dd+2946349]
	GetHandleVerifier [0x0x7ff63fd05c5a+2922410]
	GetHandleVerifier [0x0x7ff63fd259e7+3052855]
	GetHandleVerifier [0x0x7ff63fa6aa8e+189918]
	GetHandleVerifier [0x0x7ff63fa72a2f+222591]
	GetHandleVerifier [0x0x7ff63fa58ac4+116244]
	GetHandleVerifier [0x0x7ff63fa58c79+116681]
	GetHandleVerifier [0x0x7ff63fa3f058+11176]
	BaseThreadInitThunk [0x0x7fffbe46e8d7+23]
	RtlUserThreadStart [0x0x7fffbfd68d9c+44]

2025-09-27T11:29:34.875551+0700 INFO Order: 250926H5TJNFB6 Start!!
2025-09-27T11:29:43.776971+0700 INFO Order: 250926H5TJNFB6 stop operation
2025-09-27T11:29:48.496306+0700 INFO Order: 250926H5TJNFB6 stop operation
2025-09-27T11:30:12.118612+0700 INFO Order:  operation_task_thread_outer_Exception_Error!! 'MyApp' object has no attribute 'search_complete'
2025-09-27T11:30:13.152378+0700 INFO Order:  operation_task_thread_outer_Exception_Error!! 'MyApp' object has no attribute 'search_complete'
2025-09-27T11:30:14.318093+0700 INFO Order:  operation_task_thread_outer_Exception_Error!! 'MyApp' object has no attribute 'search_complete'
2025-09-27T11:30:15.326015+0700 INFO Order:  operation_task_thread_outer_Exception_Error!! 'MyApp' object has no attribute 'search_complete'
2025-09-27T11:30:16.224309+0700 INFO Order:  operation_task_thread_outer_Exception_Error!! 'MyApp' object has no attribute 'search_complete'
2025-09-27T11:30:17.237155+0700 INFO Order:  operation_task_thread_outer_Exception_Error!! 'MyApp' object has no attribute 'search_complete'
2025-09-27T11:30:18.346513+0700 INFO Order:  operation_task_thread_outer_Exception_Error!! 'MyApp' object has no attribute 'search_complete'
2025-09-27T11:30:19.331961+0700 INFO Order:  operation_task_thread_outer_Exception_Error!! 'MyApp' object has no attribute 'search_complete'
2025-09-27T11:30:20.283425+0700 INFO Order:  operation_task_thread_outer_Exception_Error!! 'MyApp' object has no attribute 'search_complete'
2025-09-27T11:30:21.703167+0700 INFO Order:  operation_task_thread_outer_Exception_Error!! 'MyApp' object has no attribute 'search_complete'
2025-09-27T11:30:22.544987+0700 INFO Order:  operation_task_thread_outer_Exception_Error!! 'MyApp' object has no attribute 'search_complete'
2025-09-27T11:30:28.593160+0700 INFO Order:  stop operation
2025-09-27T11:30:35.690858+0700 INFO Order:  operation_task_thread_outer_Exception_Error!! HTTPConnectionPool(host='localhost', port=62690): Max retries exceeded with url: /session/a50cc64e60284d2ed55f1d2a7a1a3485/title (Caused by NewConnectionError('<urllib3.connection.HTTPConnection object at 0x000001973D3404D0>: Failed to establish a new connection: [WinError 10061] No connection could be made because the target machine actively refused it'))
2025-09-27T11:31:26.157250+0700 INFO Order: 250926H0K2Y3B3 Start!!
2025-09-27T11:31:42.030645+0700 INFO 250926H0K2Y3B3: cusname is Not Duplicated
2025-09-27T11:32:27.749417+0700 INFO Order: 250926H5TJNFB6 Start!!
2025-09-27T11:32:40.914808+0700 INFO 250926H5TJNFB6: cusname is Not Duplicated
2025-09-27T11:33:19.732814+0700 INFO Order: 250927HS7CNUY6 Start!!
2025-09-27T11:33:33.744454+0700 INFO 250927HS7CNUY6: cusname is Not Duplicated
2025-09-27T11:34:09.278214+0700 INFO Order: 250926H6XEV4PP Start!!
2025-09-27T11:35:11.676518+0700 INFO Order: 250926GK411AWV Start!!
2025-09-27T11:35:25.169472+0700 INFO 250926GK411AWV: cusname is Not Duplicated
2025-09-27T11:36:10.090385+0700 INFO Order: 250926GYED27XK Start!!
2025-09-27T11:36:23.792088+0700 INFO 250926GYED27XK: cusname is Not Duplicated
2025-09-27T11:37:02.461904+0700 INFO Order: 250926GG9U6SD4 Start!!
2025-09-27T11:37:17.724752+0700 INFO 250926GG9U6SD4: cusname is Not Duplicated
2025-09-27T11:41:50.204442+0700 INFO Order: 250926GGB47944 Start!!
2025-09-27T11:42:52.647496+0700 INFO Order: 250926H5JG88AK Start!!
2025-09-27T11:43:07.121010+0700 INFO 250926H5JG88AK: cusname is Not Duplicated
2025-09-27T11:43:53.934488+0700 INFO Order: 250926GYQ6AXBQ Start!!
2025-09-27T11:44:08.929313+0700 INFO 250926GYQ6AXBQ: cusname is Not Duplicated
2025-09-27T11:44:47.273086+0700 INFO Order: 250927HT84R9P8 Start!!
2025-09-27T11:45:01.047702+0700 INFO 250927HT84R9P8: cusname is Not Duplicated
2025-09-27T11:45:50.674406+0700 INFO Order: 250926GEDC6WD0 Start!!
2025-09-27T11:46:03.971920+0700 INFO 250926GEDC6WD0: cusname is Not Duplicated
2025-09-27T11:46:57.176856+0700 INFO Order: 250925EWGCVK9P Start!!
2025-09-27T11:46:57.188347+0700 INFO Order: 250925EWGCVK9P Not found in the shopee's Export File
2025-09-27T11:47:53.280343+0700 INFO Order: 250925EWGCVK9P outer_Exception_Error!! Message: 

2025-09-27T11:47:53.531785+0700 INFO Order: 250926GD0B7743 Start!!
2025-09-27T11:47:55.117878+0700 INFO Order: 250926GD0B7743 outer_Exception_Error!! Message: element click intercepted: Element <div data-v-6d050de2="" data-testid="l1-tab-all" class="tab-label">...</div> is not clickable at point (239, 214). Other element would receive the click: <div data-v-99735d7b="" class="eds-modal__container">...</div>
  (Session info: chrome=140.0.7339.186)
Stacktrace:
	GetHandleVerifier [0x0x7ff63fa4fca5+79861]
	GetHandleVerifier [0x0x7ff63fa4fd00+79952]
	(No symbol) [0x0x7ff63f7ccada]
	(No symbol) [0x0x7ff63f82c5d9]
	(No symbol) [0x0x7ff63f829f5e]
	(No symbol) [0x0x7ff63f826eb1]
	(No symbol) [0x0x7ff63f825da0]
	(No symbol) [0x0x7ff63f817338]
	(No symbol) [0x0x7ff63f84cada]
	(No symbol) [0x0x7ff63f816bc6]
	(No symbol) [0x0x7ff63f84ccf0]
	(No symbol) [0x0x7ff63f874f8b]
	(No symbol) [0x0x7ff63f84c8b3]
	(No symbol) [0x0x7ff63f815272]
	(No symbol) [0x0x7ff63f816043]
	GetHandleVerifier [0x0x7ff63fd0b9dd+2946349]
	GetHandleVerifier [0x0x7ff63fd05c5a+2922410]
	GetHandleVerifier [0x0x7ff63fd259e7+3052855]
	GetHandleVerifier [0x0x7ff63fa6aa8e+189918]
	GetHandleVerifier [0x0x7ff63fa72a2f+222591]
	GetHandleVerifier [0x0x7ff63fa58ac4+116244]
	GetHandleVerifier [0x0x7ff63fa58c79+116681]
	GetHandleVerifier [0x0x7ff63fa3f058+11176]
	BaseThreadInitThunk [0x0x7fffbe46e8d7+23]
	RtlUserThreadStart [0x0x7fffbfd68d9c+44]

2025-09-27T11:47:55.644561+0700 INFO Order: 250927HJ7BVQHN Start!!
2025-09-27T11:48:06.671071+0700 INFO Order: 250927HJ7BVQHN outer_Exception_Error!! main thread is not in main loop
2025-09-27T11:49:07.310407+0700 INFO Order: 250925EWGCVK9P Start!!
2025-09-27T11:49:19.331465+0700 INFO Order: 250925EWGCVK9P outer_Exception_Error!! Message: element click intercepted: Element <button class="btn btn-sm btn-outline btn-primary " type="button" id="newMember" ng-click="findNewMember(true);" ng-hide="_readOnlyPage === '1'" ng-show="posbook.data.transactionTypeId === undefined || (posbook.data.transactionTypeId === 91200001 &amp;&amp; posbook.data.orderStatus.lookupMasterId !== 10820007)" title="">...</button> is not clickable at point (1124, 418). Other element would receive the click: <textarea class="form-control validate ng-pristine ng-untouched ng-valid ng-empty ng-valid-maxlength" rows="4" maxlength="150" placeholder="Define 150 digits." validate-special-character="" check-sc="',&amp;" style="resize: none;" id="addressCustomer" name="addressCustomer" ng-model="memberNew.data.dataOfMemberAddress.custAddress" title=""></textarea>
  (Session info: chrome=140.0.7339.186)
Stacktrace:
	GetHandleVerifier [0x0x7ff63fa4fca5+79861]
	GetHandleVerifier [0x0x7ff63fa4fd00+79952]
	(No symbol) [0x0x7ff63f7ccada]
	(No symbol) [0x0x7ff63f82c5d9]
	(No symbol) [0x0x7ff63f829f5e]
	(No symbol) [0x0x7ff63f826eb1]
	(No symbol) [0x0x7ff63f825da0]
	(No symbol) [0x0x7ff63f817338]
	(No symbol) [0x0x7ff63f84cada]
	(No symbol) [0x0x7ff63f816bc6]
	(No symbol) [0x0x7ff63f84ccf0]
	(No symbol) [0x0x7ff63f874f8b]
	(No symbol) [0x0x7ff63f84c8b3]
	(No symbol) [0x0x7ff63f815272]
	(No symbol) [0x0x7ff63f816043]
	GetHandleVerifier [0x0x7ff63fd0b9dd+2946349]
	GetHandleVerifier [0x0x7ff63fd05c5a+2922410]
	GetHandleVerifier [0x0x7ff63fd259e7+3052855]
	GetHandleVerifier [0x0x7ff63fa6aa8e+189918]
	GetHandleVerifier [0x0x7ff63fa72a2f+222591]
	GetHandleVerifier [0x0x7ff63fa58ac4+116244]
	GetHandleVerifier [0x0x7ff63fa58c79+116681]
	GetHandleVerifier [0x0x7ff63fa3f058+11176]
	BaseThreadInitThunk [0x0x7fffbe46e8d7+23]
	RtlUserThreadStart [0x0x7fffbfd68d9c+44]

2025-09-27T11:49:20.305650+0700 INFO Order: 250926GD0B7743 Start!!
2025-09-27T11:49:30.023204+0700 INFO Order: 250926GD0B7743 outer_Exception_Error!! main thread is not in main loop
2025-09-27T11:50:16.581497+0700 INFO Order: 250925EWGCVK9P Start!!
2025-09-27T11:50:31.063699+0700 INFO 250925EWGCVK9P: cusname is Not Duplicated
2025-09-27T11:51:09.385908+0700 INFO Order: 250926GD0B7743 operation_task_thread_outer_Exception_Error!! Message: no such window
  (Session info: chrome=140.0.7339.186)
Stacktrace:
	GetHandleVerifier [0x0x7ff63fa4fca5+79861]
	GetHandleVerifier [0x0x7ff63fa4fd00+79952]
	(No symbol) [0x0x7ff63f7cc8fc]
	(No symbol) [0x0x7ff63f85f322]
	(No symbol) [0x0x7ff63f84caa0]
	(No symbol) [0x0x7ff63f815272]
	(No symbol) [0x0x7ff63f816043]
	GetHandleVerifier [0x0x7ff63fd0b9dd+2946349]
	GetHandleVerifier [0x0x7ff63fd05c5a+2922410]
	GetHandleVerifier [0x0x7ff63fd259e7+3052855]
	GetHandleVerifier [0x0x7ff63fa6aa8e+189918]
	GetHandleVerifier [0x0x7ff63fa72a2f+222591]
	GetHandleVerifier [0x0x7ff63fa58ac4+116244]
	GetHandleVerifier [0x0x7ff63fa58c79+116681]
	GetHandleVerifier [0x0x7ff63fa3f058+11176]
	BaseThreadInitThunk [0x0x7fffbe46e8d7+23]
	RtlUserThreadStart [0x0x7fffbfd68d9c+44]

2025-09-27T11:51:40.225667+0700 INFO Order: 250926GD0B7743 Start!!
2025-09-27T11:51:55.131406+0700 INFO 250926GD0B7743: cusname is Not Duplicated
2025-09-27T11:52:32.791815+0700 INFO Order: 250927HJ7BVQHN Start!!
2025-09-27T11:52:48.543466+0700 INFO 250927HJ7BVQHN: cusname is Not Duplicated
2025-09-27T11:53:44.181512+0700 INFO Order: 250926GQPK6RM6 Start!!
2025-09-27T11:53:50.179785+0700 INFO 250926GQPK6RM6: compare self.current_address & self.desired_full_address
2025-09-27T11:53:50.179785+0700 INFO 22ม.5ถ.ราชพฤกษ์บางพรมตลิ่งชันกรุงเทพมหานคร10170
2025-09-27T11:53:50.180807+0700 INFO 22หมู่5บางพรมตลิ่งชันกรุงเทพมหานคร10170
2025-09-27T11:55:00.147307+0700 INFO Order: 250926GQYP2UW1 Start!!
2025-09-27T11:55:06.487519+0700 INFO 250926GQYP2UW1: compare self.current_address & self.desired_full_address
2025-09-27T11:55:06.487519+0700 INFO เลขที่22หมู่ที่5ถนนราชพฤกษ์บางพรมตลิ่งชันกรุงเทพมหานคร10170
2025-09-27T11:55:06.487519+0700 INFO 22หมู่5บางพรมตลิ่งชันกรุงเทพมหานคร10170
2025-09-27T11:56:23.502340+0700 INFO Order: 250926H0QQSFXA Start!!
2025-09-27T11:57:09.472758+0700 INFO Order: 250926H9MKX6EX Start!!
2025-09-27T11:57:19.512627+0700 INFO Order: 250926H9MKX6EX outer_Exception_Error!! Message: element click intercepted: Element <button class="btn btn-sm btn-outline btn-primary " type="button" id="newMember" ng-click="findNewMember(true);" ng-hide="_readOnlyPage === '1'" ng-show="posbook.data.transactionTypeId === undefined || (posbook.data.transactionTypeId === 91200001 &amp;&amp; posbook.data.orderStatus.lookupMasterId !== 10820007)" title="">...</button> is not clickable at point (1124, 418). Other element would receive the click: <textarea class="form-control validate ng-valid ng-valid-maxlength ng-dirty ng-touched ng-empty" rows="4" maxlength="150" placeholder="Define 150 digits." validate-special-character="" check-sc="',&amp;" style="resize: none;" id="addressCustomer" name="addressCustomer" ng-model="memberNew.data.dataOfMemberAddress.custAddress" title=""></textarea>
  (Session info: chrome=140.0.7339.186)
Stacktrace:
	GetHandleVerifier [0x0x7ff63fa4fca5+79861]
	GetHandleVerifier [0x0x7ff63fa4fd00+79952]
	(No symbol) [0x0x7ff63f7ccada]
	(No symbol) [0x0x7ff63f82c5d9]
	(No symbol) [0x0x7ff63f829f5e]
	(No symbol) [0x0x7ff63f826eb1]
	(No symbol) [0x0x7ff63f825da0]
	(No symbol) [0x0x7ff63f817338]
	(No symbol) [0x0x7ff63f84cada]
	(No symbol) [0x0x7ff63f816bc6]
	(No symbol) [0x0x7ff63f84ccf0]
	(No symbol) [0x0x7ff63f874f8b]
	(No symbol) [0x0x7ff63f84c8b3]
	(No symbol) [0x0x7ff63f815272]
	(No symbol) [0x0x7ff63f816043]
	GetHandleVerifier [0x0x7ff63fd0b9dd+2946349]
	GetHandleVerifier [0x0x7ff63fd05c5a+2922410]
	GetHandleVerifier [0x0x7ff63fd259e7+3052855]
	GetHandleVerifier [0x0x7ff63fa6aa8e+189918]
	GetHandleVerifier [0x0x7ff63fa72a2f+222591]
	GetHandleVerifier [0x0x7ff63fa58ac4+116244]
	GetHandleVerifier [0x0x7ff63fa58c79+116681]
	GetHandleVerifier [0x0x7ff63fa3f058+11176]
	BaseThreadInitThunk [0x0x7fffbe46e8d7+23]
	RtlUserThreadStart [0x0x7fffbfd68d9c+44]

2025-09-27T11:57:20.876162+0700 INFO Order: 250926GN6ET0CC Start!!
2025-09-27T11:58:10.654179+0700 INFO Order: 250926GUEW8N2T Start!!
2025-09-27T11:58:24.470100+0700 INFO 250926GUEW8N2T: cusname is Not Duplicated
2025-09-27T12:00:12.289288+0700 INFO Order: 250927HNSR2UA0 Start!!
2025-09-27T12:00:31.239509+0700 INFO 250927HNSR2UA0: cusname is Not Duplicated
2025-09-27T12:01:11.687374+0700 INFO Order: 250927JAPKCSUU Start!!
2025-09-27T12:01:25.964758+0700 INFO 250927JAPKCSUU: cusname is Not Duplicated
2025-09-27T12:02:06.545207+0700 INFO Order: 250925EDHKV7W3 Start!!
2025-09-27T12:02:19.357746+0700 INFO 250925EDHKV7W3: cusname is Not Duplicated
2025-09-27T12:03:04.581586+0700 INFO Order: 250927HGRJKUPV Start!!
2025-09-27T12:03:30.405258+0700 INFO Order: 250927HGRJKUPV stop operation
2025-09-27T12:03:31.285766+0700 INFO Order: 250926HFPR6TWF Start!!
2025-09-27T12:03:45.339376+0700 INFO 250926HFPR6TWF: cusname is Not Duplicated
2025-09-27T12:04:27.284915+0700 INFO Order: 250927HKJ0MDJQ Start!!
2025-09-27T12:04:41.872143+0700 INFO 250927HKJ0MDJQ: cusname is Not Duplicated
2025-09-27T12:10:38.074973+0700 INFO Order: 250927HKJ0MDJQ stop operation
2025-09-27T12:10:39.087840+0700 INFO Order: 250926HF6R12EK Start!!
2025-09-27T12:10:54.318377+0700 INFO 250926HF6R12EK: cusname is Not Duplicated
2025-09-27T12:11:48.364199+0700 INFO Order: 250926HD9QUEAG Start!!
2025-09-27T12:12:24.365586+0700 INFO Order: 250926HD9QUEAG stop operation
2025-09-27T12:12:25.678601+0700 INFO Order: 250926HBRVSSDF Start!!
2025-09-27T12:13:16.947363+0700 INFO Order: 250926HDJPWR49 Start!!
2025-09-27T12:13:30.588646+0700 INFO 250926HDJPWR49: cusname is Not Duplicated
2025-09-27T12:14:11.001472+0700 INFO Order: 250927HP49MSN9 Start!!
2025-09-27T12:14:27.317054+0700 INFO 250927HP49MSN9: cusname is Not Duplicated
2025-09-27T12:15:06.268999+0700 INFO Order: 250926GWJVJPGE Start!!
2025-09-27T12:15:21.085887+0700 INFO 250926GWJVJPGE: cusname is Not Duplicated
2025-09-27T12:15:59.820885+0700 INFO Order: 250927HK8CGU5M Start!!
2025-09-27T12:16:15.275164+0700 INFO 250927HK8CGU5M: cusname is Not Duplicated
2025-09-27T12:16:56.785662+0700 INFO Order: 250926GU8QTRG7 Start!!
2025-09-27T12:17:12.931344+0700 INFO 250926GU8QTRG7: cusname is Not Duplicated
2025-09-27T12:18:04.050865+0700 INFO Order: 250926H2Q91B5X Start!!
2025-09-27T12:18:17.611150+0700 INFO 250926H2Q91B5X: cusname is Not Duplicated
2025-09-27T12:18:55.767076+0700 INFO Order: 250927HJTSPGH2 Start!!
2025-09-27T12:19:09.043952+0700 INFO 250927HJTSPGH2: cusname is Not Duplicated
2025-09-27T12:23:03.240710+0700 INFO Order: 250926H9MKX6EX Start!!
2025-09-27T12:23:18.044182+0700 INFO 250926H9MKX6EX: cusname is Not Duplicated
2025-09-27T12:24:03.286687+0700 INFO Order: 250927HKJ0MDJQ Start!!
2025-09-27T12:25:17.551751+0700 INFO Order: 250926G0F5UD7P Start!!
2025-09-27T12:25:40.749931+0700 INFO 250926G0F5UD7P: cusname is Not Duplicated
2025-09-27T12:26:29.112750+0700 INFO 250926G0F5UD7P: compare self.current_address & self.desired_full_address
2025-09-27T12:26:29.112750+0700 INFO AmataCityIndustrialEstate7/413Moo6มาบยางพรปลวกแดงระยอง21140
2025-09-27T12:26:29.112750+0700 INFO AmataCityIndustrialEstate7/413Moo6MapYangPhonPluakDaengRayong21140
2025-09-27T12:27:37.749916+0700 INFO Order: 250926G7F3R53E Start!!
2025-09-27T12:27:50.871195+0700 INFO 250926G7F3R53E: cusname is Not Duplicated
2025-09-27T12:28:33.278538+0700 INFO Order: 250926G5SVFA0F Start!!
2025-09-27T12:28:46.330535+0700 INFO Order: 250926G5SVFA0F outer_Exception_Error!! Message: element click intercepted: Element <button class="btn btn-sm btn-outline btn-primary " type="button" id="newMember" ng-click="findNewMember(true);" ng-hide="_readOnlyPage === '1'" ng-show="posbook.data.transactionTypeId === undefined || (posbook.data.transactionTypeId === 91200001 &amp;&amp; posbook.data.orderStatus.lookupMasterId !== 10820007)" title="">...</button> is not clickable at point (1124, 418). Other element would receive the click: <textarea class="form-control validate ng-valid ng-valid-maxlength ng-dirty ng-touched ng-empty" rows="4" maxlength="150" placeholder="Define 150 digits." validate-special-character="" check-sc="',&amp;" style="resize: none;" id="addressCustomer" name="addressCustomer" ng-model="memberNew.data.dataOfMemberAddress.custAddress" title=""></textarea>
  (Session info: chrome=140.0.7339.186)
Stacktrace:
	GetHandleVerifier [0x0x7ff63fa4fca5+79861]
	GetHandleVerifier [0x0x7ff63fa4fd00+79952]
	(No symbol) [0x0x7ff63f7ccada]
	(No symbol) [0x0x7ff63f82c5d9]
	(No symbol) [0x0x7ff63f829f5e]
	(No symbol) [0x0x7ff63f826eb1]
	(No symbol) [0x0x7ff63f825da0]
	(No symbol) [0x0x7ff63f817338]
	(No symbol) [0x0x7ff63f84cada]
	(No symbol) [0x0x7ff63f816bc6]
	(No symbol) [0x0x7ff63f84ccf0]
	(No symbol) [0x0x7ff63f874f8b]
	(No symbol) [0x0x7ff63f84c8b3]
	(No symbol) [0x0x7ff63f815272]
	(No symbol) [0x0x7ff63f816043]
	GetHandleVerifier [0x0x7ff63fd0b9dd+2946349]
	GetHandleVerifier [0x0x7ff63fd05c5a+2922410]
	GetHandleVerifier [0x0x7ff63fd259e7+3052855]
	GetHandleVerifier [0x0x7ff63fa6aa8e+189918]
	GetHandleVerifier [0x0x7ff63fa72a2f+222591]
	GetHandleVerifier [0x0x7ff63fa58ac4+116244]
	GetHandleVerifier [0x0x7ff63fa58c79+116681]
	GetHandleVerifier [0x0x7ff63fa3f058+11176]
	BaseThreadInitThunk [0x0x7fffbe46e8d7+23]
	RtlUserThreadStart [0x0x7fffbfd68d9c+44]

2025-09-27T12:28:47.226455+0700 INFO Order: 250926G11N4775 Start!!
2025-09-27T12:28:59.567034+0700 INFO 250926G11N4775: cusname is Not Duplicated
2025-09-27T12:29:51.580795+0700 INFO Order: 250926G7ANMHPA Start!!
2025-09-27T12:30:05.370943+0700 INFO 250926G7ANMHPA: cusname is Not Duplicated
2025-09-27T12:31:30.923753+0700 INFO Order: 250926G5SVFA0F Start!!
2025-09-27T12:31:44.402927+0700 INFO 250926G5SVFA0F: cusname is Not Duplicated
2025-09-27T15:16:14.337817+0700 INFO Order: 250925E70JSHBW Start!!
2025-09-27T15:16:26.416954+0700 INFO Order: 250925E70JSHBW outer_Exception_Error!! Message: element click intercepted: Element <button class="btn btn-sm btn-outline btn-primary " type="button" id="newMember" ng-click="findNewMember(true);" ng-hide="_readOnlyPage === '1'" ng-show="posbook.data.transactionTypeId === undefined || (posbook.data.transactionTypeId === 91200001 &amp;&amp; posbook.data.orderStatus.lookupMasterId !== 10820007)" title="">...</button> is not clickable at point (1124, 418). Other element would receive the click: <textarea class="form-control validate ng-valid ng-valid-maxlength ng-dirty ng-touched ng-empty" rows="4" maxlength="150" placeholder="Define 150 digits." validate-special-character="" check-sc="',&amp;" style="resize: none;" id="addressCustomer" name="addressCustomer" ng-model="memberNew.data.dataOfMemberAddress.custAddress" title=""></textarea>
  (Session info: chrome=140.0.7339.186)
Stacktrace:
	GetHandleVerifier [0x0x7ff7dc4afca5+79861]
	GetHandleVerifier [0x0x7ff7dc4afd00+79952]
	(No symbol) [0x0x7ff7dc22cada]
	(No symbol) [0x0x7ff7dc28c5d9]
	(No symbol) [0x0x7ff7dc289f5e]
	(No symbol) [0x0x7ff7dc286eb1]
	(No symbol) [0x0x7ff7dc285da0]
	(No symbol) [0x0x7ff7dc277338]
	(No symbol) [0x0x7ff7dc2acada]
	(No symbol) [0x0x7ff7dc276bc6]
	(No symbol) [0x0x7ff7dc2accf0]
	(No symbol) [0x0x7ff7dc2d4f8b]
	(No symbol) [0x0x7ff7dc2ac8b3]
	(No symbol) [0x0x7ff7dc275272]
	(No symbol) [0x0x7ff7dc276043]
	GetHandleVerifier [0x0x7ff7dc76b9dd+2946349]
	GetHandleVerifier [0x0x7ff7dc765c5a+2922410]
	GetHandleVerifier [0x0x7ff7dc7859e7+3052855]
	GetHandleVerifier [0x0x7ff7dc4caa8e+189918]
	GetHandleVerifier [0x0x7ff7dc4d2a2f+222591]
	GetHandleVerifier [0x0x7ff7dc4b8ac4+116244]
	GetHandleVerifier [0x0x7ff7dc4b8c79+116681]
	GetHandleVerifier [0x0x7ff7dc49f058+11176]
	BaseThreadInitThunk [0x0x7fffbe46e8d7+23]
	RtlUserThreadStart [0x0x7fffbfd68d9c+44]

2025-09-27T15:19:40.525192+0700 INFO Order: 250925E70JSHBW Start!!
2025-09-27T15:19:48.032765+0700 INFO Order: 250925E70JSHBW outer_Exception_Error!! main thread is not in main loop
2025-09-27T15:20:54.202324+0700 INFO Order: 250925E70JSHBW Start!!
2025-09-27T15:21:13.542580+0700 INFO 250925E70JSHBW: cusname is Not Duplicated
2025-09-27T15:25:04.976981+0700 INFO Order: 250927J6HCF893 Start!!
2025-09-27T15:28:22.610404+0700 INFO Order: 250926H2B04VKQ Start!!
2025-09-27T15:29:14.436122+0700 INFO Order: 250926H2915B0S Start!!
2025-09-27T15:32:50.017203+0700 INFO Order: 250927J6WWXH78 Start!!
2025-09-27T16:10:20.295041+0700 INFO Order: 250927JR25QSVS Start!!
2025-09-27T16:10:35.149981+0700 INFO Order: 250927JR25QSVS outer_Exception_Error!! Message: element click intercepted: Element <button class="btn btn-sm btn-outline btn-primary " type="button" id="newMember" ng-click="findNewMember(true);" ng-hide="_readOnlyPage === '1'" ng-show="posbook.data.transactionTypeId === undefined || (posbook.data.transactionTypeId === 91200001 &amp;&amp; posbook.data.orderStatus.lookupMasterId !== 10820007)" title="">...</button> is not clickable at point (1124, 418). Other element would receive the click: <textarea class="form-control validate ng-valid ng-valid-maxlength ng-dirty ng-touched ng-empty" rows="4" maxlength="150" placeholder="Define 150 digits." validate-special-character="" check-sc="',&amp;" style="resize: none;" id="addressCustomer" name="addressCustomer" ng-model="memberNew.data.dataOfMemberAddress.custAddress" title=""></textarea>
  (Session info: chrome=140.0.7339.186)
Stacktrace:
	GetHandleVerifier [0x0x7ff7dc4afca5+79861]
	GetHandleVerifier [0x0x7ff7dc4afd00+79952]
	(No symbol) [0x0x7ff7dc22cada]
	(No symbol) [0x0x7ff7dc28c5d9]
	(No symbol) [0x0x7ff7dc289f5e]
	(No symbol) [0x0x7ff7dc286eb1]
	(No symbol) [0x0x7ff7dc285da0]
	(No symbol) [0x0x7ff7dc277338]
	(No symbol) [0x0x7ff7dc2acada]
	(No symbol) [0x0x7ff7dc276bc6]
	(No symbol) [0x0x7ff7dc2accf0]
	(No symbol) [0x0x7ff7dc2d4f8b]
	(No symbol) [0x0x7ff7dc2ac8b3]
	(No symbol) [0x0x7ff7dc275272]
	(No symbol) [0x0x7ff7dc276043]
	GetHandleVerifier [0x0x7ff7dc76b9dd+2946349]
	GetHandleVerifier [0x0x7ff7dc765c5a+2922410]
	GetHandleVerifier [0x0x7ff7dc7859e7+3052855]
	GetHandleVerifier [0x0x7ff7dc4caa8e+189918]
	GetHandleVerifier [0x0x7ff7dc4d2a2f+222591]
	GetHandleVerifier [0x0x7ff7dc4b8ac4+116244]
	GetHandleVerifier [0x0x7ff7dc4b8c79+116681]
	GetHandleVerifier [0x0x7ff7dc49f058+11176]
	BaseThreadInitThunk [0x0x7fffbe46e8d7+23]
	RtlUserThreadStart [0x0x7fffbfd68d9c+44]

2025-09-27T16:10:42.397514+0700 INFO Order: 250927JR25QSVS Start!!
2025-09-27T16:10:57.195695+0700 INFO 250927JR25QSVS: cusname is Not Duplicated
2025-09-27T16:12:17.971400+0700 INFO Order: 250927JGQ602M9 Start!!
2025-09-27T16:12:32.241360+0700 INFO 250927JGQ602M9: cusname is Not Duplicated
2025-09-27T16:13:58.151576+0700 INFO Order: 250927JM3CUC9B Start!!
2025-09-27T16:15:56.546795+0700 INFO Order: 250927JM3CUC9A Start!!
2025-09-27T16:22:58.505755+0700 INFO Order: 250926GPKA25E6 Start!!
2025-09-27T16:23:12.907019+0700 INFO 250926GPKA25E6: cusname is Not Duplicated
2025-09-27T16:40:08.924598+0700 INFO Order: 250924CEJ4RSY1 Start!!
2025-09-27T16:40:09.111120+0700 INFO Order: 250924CEJ4RSY1 outer_Exception_Error!! Message: no such element: Unable to locate element: {"method":"xpath","selector":"/html/body/div[2]/div[3]/div[2]/div[2]/div[7]/div/div/div[1]"}
  (Session info: chrome=140.0.7339.186); For documentation on this error, please visit: https://www.selenium.dev/documentation/webdriver/troubleshooting/errors#no-such-element-exception
Stacktrace:
	GetHandleVerifier [0x0x7ff7dc4afca5+79861]
	GetHandleVerifier [0x0x7ff7dc4afd00+79952]
	(No symbol) [0x0x7ff7dc22cada]
	(No symbol) [0x0x7ff7dc284457]
	(No symbol) [0x0x7ff7dc28471c]
	(No symbol) [0x0x7ff7dc2d8217]
	(No symbol) [0x0x7ff7dc2acb1f]
	(No symbol) [0x0x7ff7dc2d4f8b]
	(No symbol) [0x0x7ff7dc2ac8b3]
	(No symbol) [0x0x7ff7dc275272]
	(No symbol) [0x0x7ff7dc276043]
	GetHandleVerifier [0x0x7ff7dc76b9dd+2946349]
	GetHandleVerifier [0x0x7ff7dc765c5a+2922410]
	GetHandleVerifier [0x0x7ff7dc7859e7+3052855]
	GetHandleVerifier [0x0x7ff7dc4caa8e+189918]
	GetHandleVerifier [0x0x7ff7dc4d2a2f+222591]
	GetHandleVerifier [0x0x7ff7dc4b8ac4+116244]
	GetHandleVerifier [0x0x7ff7dc4b8c79+116681]
	GetHandleVerifier [0x0x7ff7dc49f058+11176]
	BaseThreadInitThunk [0x0x7fffbe46e8d7+23]
	RtlUserThreadStart [0x0x7fffbfd68d9c+44]

2025-09-27T16:40:23.078124+0700 INFO 250924CEJ4RSY1: cusname is Not Duplicated
2025-09-27T16:43:12.127910+0700 INFO Order: 250926GPKA25E6 Start!!
2025-09-27T16:45:44.742786+0700 INFO Order: 250926GPB9JC9K Start!!
2025-09-27T16:48:09.595838+0700 INFO Order: 250925E5ES8CPN Start!!
2025-09-27T16:48:15.390333+0700 INFO 250925E5ES8CPN: compare self.current_address & self.desired_full_address
2025-09-27T16:48:15.390333+0700 INFO เลขที่287หมู่ที่5โคกครามบางปลาม้าสุพรรณบุรี72150
2025-09-27T16:48:15.391479+0700 INFO 287หมู่5โคกครามบางปลาม้าสุพรรณบุรี72150
2025-09-27T16:53:09.741540+0700 INFO Order: 250927JDAHWT93 Start!!
2025-09-27T17:01:57.692479+0700 INFO Order: 250926H66H1HH7 Start!!
2025-09-27T17:07:46.796280+0700 INFO Order: 250926HCDNHWCG Start!!
2025-09-27T17:14:51.184202+0700 INFO Order: 250926G7BTSN3T Start!!
2025-10-10T14:45:50.869466+0700 INFO Order: 251010N8D5BKQU Start!!
2025-10-10T14:46:02.119905+0700 INFO Order: 251010N8D5BKQU outer_Exception_Error!! Message: element click intercepted: Element <button class="btn btn-sm btn-outline btn-primary " type="button" id="newMember" ng-click="findNewMember(true);" ng-hide="_readOnlyPage === '1'" ng-show="posbook.data.transactionTypeId === undefined || (posbook.data.transactionTypeId === 91200001 &amp;&amp; posbook.data.orderStatus.lookupMasterId !== 10820007)" title="">...</button> is not clickable at point (1230, 418). Other element would receive the click: <textarea class="form-control validate ng-valid ng-valid-maxlength ng-dirty ng-touched ng-empty" rows="4" maxlength="150" placeholder="Define 150 digits." validate-special-character="" check-sc="',&amp;" style="resize: none;" id="addressCustomer" name="addressCustomer" ng-model="memberNew.data.dataOfMemberAddress.custAddress" title=""></textarea>
  (Session info: chrome=140.0.7339.208)
Stacktrace:
	GetHandleVerifier [0x0x7ff6ff8ffca5+79861]
	GetHandleVerifier [0x0x7ff6ff8ffd00+79952]
	(No symbol) [0x0x7ff6ff67cada]
	(No symbol) [0x0x7ff6ff6dc5d9]
	(No symbol) [0x0x7ff6ff6d9f5e]
	(No symbol) [0x0x7ff6ff6d6eb1]
	(No symbol) [0x0x7ff6ff6d5da0]
	(No symbol) [0x0x7ff6ff6c7338]
	(No symbol) [0x0x7ff6ff6fcada]
	(No symbol) [0x0x7ff6ff6c6bc6]
	(No symbol) [0x0x7ff6ff6fccf0]
	(No symbol) [0x0x7ff6ff724f8b]
	(No symbol) [0x0x7ff6ff6fc8b3]
	(No symbol) [0x0x7ff6ff6c5272]
	(No symbol) [0x0x7ff6ff6c6043]
	GetHandleVerifier [0x0x7ff6ffbbb9dd+2946349]
	GetHandleVerifier [0x0x7ff6ffbb5c5a+2922410]
	GetHandleVerifier [0x0x7ff6ffbd59e7+3052855]
	GetHandleVerifier [0x0x7ff6ff91aa8e+189918]
	GetHandleVerifier [0x0x7ff6ff922a2f+222591]
	GetHandleVerifier [0x0x7ff6ff908ac4+116244]
	GetHandleVerifier [0x0x7ff6ff908c79+116681]
	GetHandleVerifier [0x0x7ff6ff8ef058+11176]
	BaseThreadInitThunk [0x0x7fffbe46e8d7+23]
	RtlUserThreadStart [0x0x7fffbfd68d9c+44]

2025-10-10T14:46:02.900514+0700 INFO Order: 251010N7Q4KWF1 Start!!
2025-10-10T14:46:16.218989+0700 INFO 251010N7Q4KWF1: cusname is Not Duplicated
2025-10-10T14:46:57.730938+0700 INFO Order: 251010N6VTGK24 Start!!
2025-10-10T14:47:11.691098+0700 INFO 251010N6VTGK24: cusname is Not Duplicated
2025-10-10T14:47:48.841735+0700 INFO Order: 251010N6JBRFXH Start!!
2025-10-10T14:48:02.854659+0700 INFO 251010N6JBRFXH: cusname is Not Duplicated
2025-10-10T14:48:38.596898+0700 INFO Order: 251010N6F7KKGS Start!!
2025-10-10T14:48:52.104681+0700 INFO 251010N6F7KKGS: cusname is Not Duplicated
2025-10-10T14:49:31.407850+0700 INFO Order: 251010NVK46E7K Start!!
2025-10-10T14:49:56.560680+0700 INFO 251010NVK46E7K: cusname is Not Duplicated
2025-10-10T14:50:29.547470+0700 INFO Order: 251010NKRS41W3 Start!!
2025-10-10T14:50:45.224172+0700 INFO 251010NKRS41W3: cusname is Not Duplicated
2025-10-10T14:53:59.098354+0700 INFO Order: 251010N7T3VXXD Start!!
2025-10-10T14:54:12.957572+0700 INFO 251010N7T3VXXD: cusname is Not Duplicated
2025-10-10T14:56:16.999527+0700 INFO Order: 251010N76321RW Start!!
2025-10-10T14:56:32.056224+0700 INFO 251010N76321RW: cusname is Not Duplicated
2025-10-10T14:57:18.028993+0700 INFO Order: 251010N9K2ED3F Start!!
2025-10-10T14:57:33.156282+0700 INFO 251010N9K2ED3F: cusname is Not Duplicated
2025-10-10T15:02:16.574236+0700 INFO Order: 251010N7K0XY4P Start!!
2025-10-10T15:02:30.532312+0700 INFO 251010N7K0XY4P: cusname is Not Duplicated
2025-10-10T15:03:40.385889+0700 INFO Order: 251010N79GQJQ8 Start!!
2025-10-10T15:03:54.525710+0700 INFO 251010N79GQJQ8: cusname is Not Duplicated
2025-10-10T15:06:18.807094+0700 INFO Order: 251010N72MDJW5 Start!!
2025-10-10T15:06:49.702865+0700 INFO 251010N72MDJW5: cusname is Not Duplicated
2025-10-10T15:07:47.946584+0700 INFO Order: 251010N6YH7P8G Start!!
2025-10-10T15:08:01.884644+0700 INFO 251010N6YH7P8G: cusname is Not Duplicated
2025-10-10T15:08:46.065100+0700 INFO Order: 251010N6WRYXFQ Start!!
2025-10-10T15:08:59.651482+0700 INFO 251010N6WRYXFQ: cusname is Not Duplicated
2025-10-10T15:09:54.071690+0700 INFO Order: 251010N6WQ3S64 Start!!
2025-10-10T15:10:09.126995+0700 INFO 251010N6WQ3S64: cusname is Not Duplicated
2025-10-10T15:10:52.347731+0700 INFO Order: 251010N6R00NSE Start!!
2025-10-10T15:11:06.138424+0700 INFO 251010N6R00NSE: cusname is Not Duplicated
2025-10-10T15:12:01.155610+0700 INFO Order: 251010N6FF8708 Start!!
2025-10-10T15:12:15.031756+0700 INFO 251010N6FF8708: cusname is Not Duplicated
2025-10-10T15:25:18.691909+0700 INFO Order: 251010P2MGJTGM Start!!
2025-10-10T15:25:33.506872+0700 INFO 251010P2MGJTGM: cusname is Not Duplicated
2025-10-10T15:26:20.435404+0700 INFO Order: 251010NTEGWB4W Start!!
2025-10-10T15:26:43.062099+0700 INFO 251010NTEGWB4W: cusname is Not Duplicated
2025-10-10T15:27:23.247890+0700 INFO Order: 251010N7V4TDTJ Start!!
2025-10-10T15:27:38.596065+0700 INFO 251010N7V4TDTJ: cusname is Not Duplicated
2025-10-10T15:28:31.879573+0700 INFO Order: 251010NCNP4G5G Start!!
2025-10-10T15:28:47.171506+0700 INFO 251010NCNP4G5G: cusname is Not Duplicated
2025-10-10T15:29:27.373285+0700 INFO Order: 251010NF8K87U5 Start!!
2025-10-10T15:29:43.438929+0700 INFO 251010NF8K87U5: cusname is Not Duplicated
2025-10-10T15:30:39.728788+0700 INFO Order: 251010NMN5YX9M Start!!
2025-10-10T15:30:54.082652+0700 INFO 251010NMN5YX9M: cusname is Not Duplicated
2025-10-10T15:31:47.041370+0700 INFO Order: 251010P08KN494 Start!!
2025-10-10T15:32:01.258006+0700 INFO 251010P08KN494: cusname is Not Duplicated
2025-10-10T15:32:38.326435+0700 INFO Order: 251010P0B8EV4J Start!!
2025-10-10T15:32:52.036001+0700 INFO 251010P0B8EV4J: cusname is Not Duplicated
2025-10-10T15:33:31.196630+0700 INFO Order: 251010N6JJCX9S Start!!
2025-10-10T15:34:19.591383+0700 INFO Order: 251010N894JMW4 Start!!
2025-10-10T15:34:39.067034+0700 INFO 251010N894JMW4: cusname is Not Duplicated
2025-10-10T15:35:22.179406+0700 INFO Order: 251010N8P85H6U Start!!
2025-10-10T15:35:36.327905+0700 INFO 251010N8P85H6U: cusname is Not Duplicated
2025-10-10T15:36:14.596687+0700 INFO Order: 251010N8QDC1WA Start!!
2025-10-10T15:37:08.102602+0700 INFO Order: 251010N8VVWKS1 Start!!
2025-10-10T15:37:58.058966+0700 INFO Order: 251010NC1UVKN6 Start!!
2025-10-10T15:38:11.826419+0700 INFO 251010NC1UVKN6: cusname is Not Duplicated
2025-10-10T15:38:55.341911+0700 INFO Order: 251010N77V810J Start!!
2025-10-10T15:39:10.971388+0700 INFO 251010N77V810J: cusname is Not Duplicated
2025-10-10T15:40:00.914784+0700 INFO Order: 251010N6NC34RB Start!!
2025-10-10T15:40:06.670302+0700 INFO 251010N6NC34RB: compare self.current_address & self.desired_full_address
2025-10-10T15:40:06.670302+0700 INFO 1145ถ.ศรีนครินทร์อ่อนนุชสวนหลวงกรุงเทพมหานคร10250
2025-10-10T15:40:06.671299+0700 INFO ร้านพีเอสดีไซน์(สำนักงานใหญ่)1145ถนน.ศรีนครินทร์อ่อนนุชสวนหลวงกรุงเทพมหานคร10250
2025-10-10T15:41:33.058266+0700 INFO Order: 251010NWK6BK48 Start!!
2025-10-10T15:41:49.183363+0700 INFO 251010NWK6BK48: cusname is Not Duplicated
2025-10-10T15:42:33.473841+0700 INFO Order: 251010P3G1RX1C Start!!
2025-10-10T15:42:47.156235+0700 INFO 251010P3G1RX1C: cusname is Not Duplicated
2025-10-10T15:43:43.215840+0700 INFO Order: 251010N7JMJ46V Start!!
2025-10-10T15:43:56.570078+0700 INFO 251010N7JMJ46V: cusname is Not Duplicated
2025-10-10T15:45:03.994045+0700 INFO Order: 251010NCSWJWYJ Start!!
2025-10-10T15:45:17.648476+0700 INFO 251010NCSWJWYJ: cusname is Not Duplicated
2025-10-10T15:46:17.916597+0700 INFO Order: 251010N6VD4D28 Start!!
2025-10-10T15:46:31.452060+0700 INFO 251010N6VD4D28: cusname is Not Duplicated
2025-10-10T15:47:11.498578+0700 INFO Order: 251010N6WK9DPB Start!!
2025-10-10T15:47:25.381959+0700 INFO 251010N6WK9DPB: cusname is Not Duplicated
2025-10-10T15:48:05.875318+0700 INFO Order: 251010N8P3EPJN Start!!
2025-10-10T15:48:20.134602+0700 INFO 251010N8P3EPJN: cusname is Not Duplicated
2025-10-10T15:49:01.982493+0700 INFO Order: 251010NJAB9C1K Start!!
2025-10-10T15:49:48.691053+0700 INFO Order: 251010N82NMQTX Start!!
2025-10-10T15:50:01.977048+0700 INFO Order: 251010N82NMQTX outer_Exception_Error!! Message: element click intercepted: Element <button class="btn btn-sm btn-outline btn-primary " type="button" id="newMember" ng-click="findNewMember(true);" ng-hide="_readOnlyPage === '1'" ng-show="posbook.data.transactionTypeId === undefined || (posbook.data.transactionTypeId === 91200001 &amp;&amp; posbook.data.orderStatus.lookupMasterId !== 10820007)" title="">...</button> is not clickable at point (1230, 418). Other element would receive the click: <textarea class="form-control validate ng-valid ng-valid-maxlength ng-dirty ng-touched ng-empty" rows="4" maxlength="150" placeholder="Define 150 digits." validate-special-character="" check-sc="',&amp;" style="resize: none;" id="addressCustomer" name="addressCustomer" ng-model="memberNew.data.dataOfMemberAddress.custAddress" title=""></textarea>
  (Session info: chrome=140.0.7339.208)
Stacktrace:
	GetHandleVerifier [0x0x7ff6ff8ffca5+79861]
	GetHandleVerifier [0x0x7ff6ff8ffd00+79952]
	(No symbol) [0x0x7ff6ff67cada]
	(No symbol) [0x0x7ff6ff6dc5d9]
	(No symbol) [0x0x7ff6ff6d9f5e]
	(No symbol) [0x0x7ff6ff6d6eb1]
	(No symbol) [0x0x7ff6ff6d5da0]
	(No symbol) [0x0x7ff6ff6c7338]
	(No symbol) [0x0x7ff6ff6fcada]
	(No symbol) [0x0x7ff6ff6c6bc6]
	(No symbol) [0x0x7ff6ff6fccf0]
	(No symbol) [0x0x7ff6ff724f8b]
	(No symbol) [0x0x7ff6ff6fc8b3]
	(No symbol) [0x0x7ff6ff6c5272]
	(No symbol) [0x0x7ff6ff6c6043]
	GetHandleVerifier [0x0x7ff6ffbbb9dd+2946349]
	GetHandleVerifier [0x0x7ff6ffbb5c5a+2922410]
	GetHandleVerifier [0x0x7ff6ffbd59e7+3052855]
	GetHandleVerifier [0x0x7ff6ff91aa8e+189918]
	GetHandleVerifier [0x0x7ff6ff922a2f+222591]
	GetHandleVerifier [0x0x7ff6ff908ac4+116244]
	GetHandleVerifier [0x0x7ff6ff908c79+116681]
	GetHandleVerifier [0x0x7ff6ff8ef058+11176]
	BaseThreadInitThunk [0x0x7fffbe46e8d7+23]
	RtlUserThreadStart [0x0x7fffbfd68d9c+44]

2025-10-10T15:50:03.037150+0700 INFO Order: 251010N6UT12NY Start!!
2025-10-10T15:50:16.215547+0700 INFO 251010N6UT12NY: cusname is Not Duplicated
2025-10-10T15:50:59.724152+0700 INFO Order: 251010N6XE04SE Start!!
2025-10-10T15:51:13.585864+0700 INFO 251010N6XE04SE: cusname is Not Duplicated
2025-10-10T15:51:57.760351+0700 INFO Order: 251010N8BX8G6H Start!!
2025-10-10T15:52:19.148562+0700 INFO 251010N8BX8G6H: cusname is Not Duplicated
2025-10-10T15:53:08.082226+0700 INFO Order: 251010N8F922HR Start!!
2025-10-10T15:53:22.972374+0700 INFO 251010N8F922HR: cusname is Not Duplicated
2025-10-10T15:54:05.529755+0700 INFO Order: 251010N8FCW38X Start!!
2025-10-10T15:54:18.618471+0700 INFO 251010N8FCW38X: cusname is Not Duplicated
2025-10-10T15:55:40.365612+0700 INFO Order: 251010P2AF6YQ3 Start!!
2025-10-10T15:55:56.040176+0700 INFO 251010P2AF6YQ3: cusname is Not Duplicated
2025-10-10T15:56:35.696488+0700 INFO Order: 251010P4HDXQRM Start!!
2025-10-10T15:56:50.258334+0700 INFO 251010P4HDXQRM: cusname is Not Duplicated
2025-10-10T15:57:31.740481+0700 INFO Order: 251010P5A2KCA3 Start!!
2025-10-10T15:57:45.491677+0700 INFO 251010P5A2KCA3: cusname is Not Duplicated
2025-10-10T16:01:18.009538+0700 INFO Order: 251010N8D5BKQU Start!!
2025-10-10T16:01:33.448440+0700 INFO 251010N8D5BKQU: cusname is Not Duplicated
2025-10-10T16:02:25.073148+0700 INFO Order: 251010N82NMQTX Start!!
2025-10-10T16:02:38.248857+0700 INFO 251010N82NMQTX: cusname is Not Duplicated
2025-10-10T16:45:02.926677+0700 INFO Order: 251009KVTDBKE3 Start!!
2025-10-10T16:45:13.903825+0700 INFO Order: 251009KVTDBKE3 outer_Exception_Error!! Message: element click intercepted: Element <button class="btn btn-sm btn-outline btn-primary " type="button" id="newMember" ng-click="findNewMember(true);" ng-hide="_readOnlyPage === '1'" ng-show="posbook.data.transactionTypeId === undefined || (posbook.data.transactionTypeId === 91200001 &amp;&amp; posbook.data.orderStatus.lookupMasterId !== 10820007)" title="">...</button> is not clickable at point (1230, 418). Other element would receive the click: <textarea class="form-control validate ng-valid ng-valid-maxlength ng-dirty ng-touched ng-empty" rows="4" maxlength="150" placeholder="Define 150 digits." validate-special-character="" check-sc="',&amp;" style="resize: none;" id="addressCustomer" name="addressCustomer" ng-model="memberNew.data.dataOfMemberAddress.custAddress" title=""></textarea>
  (Session info: chrome=140.0.7339.208)
Stacktrace:
	GetHandleVerifier [0x0x7ff6ff8ffca5+79861]
	GetHandleVerifier [0x0x7ff6ff8ffd00+79952]
	(No symbol) [0x0x7ff6ff67cada]
	(No symbol) [0x0x7ff6ff6dc5d9]
	(No symbol) [0x0x7ff6ff6d9f5e]
	(No symbol) [0x0x7ff6ff6d6eb1]
	(No symbol) [0x0x7ff6ff6d5da0]
	(No symbol) [0x0x7ff6ff6c7338]
	(No symbol) [0x0x7ff6ff6fcada]
	(No symbol) [0x0x7ff6ff6c6bc6]
	(No symbol) [0x0x7ff6ff6fccf0]
	(No symbol) [0x0x7ff6ff724f8b]
	(No symbol) [0x0x7ff6ff6fc8b3]
	(No symbol) [0x0x7ff6ff6c5272]
	(No symbol) [0x0x7ff6ff6c6043]
	GetHandleVerifier [0x0x7ff6ffbbb9dd+2946349]
	GetHandleVerifier [0x0x7ff6ffbb5c5a+2922410]
	GetHandleVerifier [0x0x7ff6ffbd59e7+3052855]
	GetHandleVerifier [0x0x7ff6ff91aa8e+189918]
	GetHandleVerifier [0x0x7ff6ff922a2f+222591]
	GetHandleVerifier [0x0x7ff6ff908ac4+116244]
	GetHandleVerifier [0x0x7ff6ff908c79+116681]
	GetHandleVerifier [0x0x7ff6ff8ef058+11176]
	BaseThreadInitThunk [0x0x7fffbe46e8d7+23]
	RtlUserThreadStart [0x0x7fffbfd68d9c+44]

2025-10-10T16:45:14.694269+0700 INFO Order: 251009M6TU81S5 Start!!
2025-10-10T16:47:41.810912+0700 INFO Order: 251009M6TU81S5 outer_Exception_Error!! Message: no such element: Unable to locate element: {"method":"xpath","selector":"/html/body/div[2]/div[3]/div[2]/div[2]/div[7]/div/div/div[1]"}
  (Session info: chrome=140.0.7339.208); For documentation on this error, please visit: https://www.selenium.dev/documentation/webdriver/troubleshooting/errors#no-such-element-exception
Stacktrace:
	GetHandleVerifier [0x0x7ff6ff8ffca5+79861]
	GetHandleVerifier [0x0x7ff6ff8ffd00+79952]
	(No symbol) [0x0x7ff6ff67cada]
	(No symbol) [0x0x7ff6ff6d4457]
	(No symbol) [0x0x7ff6ff6d471c]
	(No symbol) [0x0x7ff6ff728217]
	(No symbol) [0x0x7ff6ff6fcb1f]
	(No symbol) [0x0x7ff6ff724f8b]
	(No symbol) [0x0x7ff6ff6fc8b3]
	(No symbol) [0x0x7ff6ff6c5272]
	(No symbol) [0x0x7ff6ff6c6043]
	GetHandleVerifier [0x0x7ff6ffbbb9dd+2946349]
	GetHandleVerifier [0x0x7ff6ffbb5c5a+2922410]
	GetHandleVerifier [0x0x7ff6ffbd59e7+3052855]
	GetHandleVerifier [0x0x7ff6ff91aa8e+189918]
	GetHandleVerifier [0x0x7ff6ff922a2f+222591]
	GetHandleVerifier [0x0x7ff6ff908ac4+116244]
	GetHandleVerifier [0x0x7ff6ff908c79+116681]
	GetHandleVerifier [0x0x7ff6ff8ef058+11176]
	BaseThreadInitThunk [0x0x7fffbe46e8d7+23]
	RtlUserThreadStart [0x0x7fffbfd68d9c+44]

2025-10-10T16:47:42.384458+0700 INFO Order: 251009M8TM3PU7 Start!!
2025-10-10T16:47:45.276371+0700 INFO Order: 251009M8TM3PU7 outer_Exception_Error!! 'SMCO :: เปิดการขาย'
2025-10-10T16:47:50.253539+0700 INFO Order: 251009KYPG85HD Start!!
2025-10-10T16:47:51.338478+0700 INFO Order: 251009KYPG85HD outer_Exception_Error!! main thread is not in main loop
2025-10-10T16:49:10.346667+0700 INFO Order: 251009KVTDBKE3 Start!!
2025-10-10T16:49:31.294265+0700 INFO 251009KVTDBKE3: cusname is Not Duplicated
2025-10-10T16:49:47.438046+0700 ERROR sku input in smco cannot be interact from order: 
2025-10-10T16:49:47.438046+0700 INFO Order: 251009KVTDBKE3 outer_Exception_Error!! sku input in smco cannot be interact
2025-10-10T16:49:48.170271+0700 INFO Order: 251009M6TU81S5 Start!!
2025-10-10T16:49:53.056434+0700 INFO Order: 251009M6TU81S5 outer_Exception_Error!! Message: no such element: Unable to locate element: {"method":"xpath","selector":"/html/body/div[2]/div[2]/div[2]/div[1]/label/div/button"}
  (Session info: chrome=140.0.7339.208); For documentation on this error, please visit: https://www.selenium.dev/documentation/webdriver/troubleshooting/errors#no-such-element-exception
Stacktrace:
	GetHandleVerifier [0x0x7ff6ff8ffca5+79861]
	GetHandleVerifier [0x0x7ff6ff8ffd00+79952]
	(No symbol) [0x0x7ff6ff67cada]
	(No symbol) [0x0x7ff6ff6d4457]
	(No symbol) [0x0x7ff6ff6d471c]
	(No symbol) [0x0x7ff6ff728217]
	(No symbol) [0x0x7ff6ff6fcb1f]
	(No symbol) [0x0x7ff6ff724f8b]
	(No symbol) [0x0x7ff6ff6fc8b3]
	(No symbol) [0x0x7ff6ff6c5272]
	(No symbol) [0x0x7ff6ff6c6043]
	GetHandleVerifier [0x0x7ff6ffbbb9dd+2946349]
	GetHandleVerifier [0x0x7ff6ffbb5c5a+2922410]
	GetHandleVerifier [0x0x7ff6ffbd59e7+3052855]
	GetHandleVerifier [0x0x7ff6ff91aa8e+189918]
	GetHandleVerifier [0x0x7ff6ff922a2f+222591]
	GetHandleVerifier [0x0x7ff6ff908ac4+116244]
	GetHandleVerifier [0x0x7ff6ff908c79+116681]
	GetHandleVerifier [0x0x7ff6ff8ef058+11176]
	BaseThreadInitThunk [0x0x7fffbe46e8d7+23]
	RtlUserThreadStart [0x0x7fffbfd68d9c+44]

2025-10-10T16:49:53.451454+0700 INFO Order: 251009M8TM3PU7 Start!!
2025-10-10T16:49:58.622797+0700 INFO Order: 251009M8TM3PU7 outer_Exception_Error!! Message: no such element: Unable to locate element: {"method":"xpath","selector":"/html/body/div[2]/div[2]/div[2]/div[1]/label/div/button"}
  (Session info: chrome=140.0.7339.208); For documentation on this error, please visit: https://www.selenium.dev/documentation/webdriver/troubleshooting/errors#no-such-element-exception
Stacktrace:
	GetHandleVerifier [0x0x7ff6ff8ffca5+79861]
	GetHandleVerifier [0x0x7ff6ff8ffd00+79952]
	(No symbol) [0x0x7ff6ff67cada]
	(No symbol) [0x0x7ff6ff6d4457]
	(No symbol) [0x0x7ff6ff6d471c]
	(No symbol) [0x0x7ff6ff728217]
	(No symbol) [0x0x7ff6ff6fcb1f]
	(No symbol) [0x0x7ff6ff724f8b]
	(No symbol) [0x0x7ff6ff6fc8b3]
	(No symbol) [0x0x7ff6ff6c5272]
	(No symbol) [0x0x7ff6ff6c6043]
	GetHandleVerifier [0x0x7ff6ffbbb9dd+2946349]
	GetHandleVerifier [0x0x7ff6ffbb5c5a+2922410]
	GetHandleVerifier [0x0x7ff6ffbd59e7+3052855]
	GetHandleVerifier [0x0x7ff6ff91aa8e+189918]
	GetHandleVerifier [0x0x7ff6ff922a2f+222591]
	GetHandleVerifier [0x0x7ff6ff908ac4+116244]
	GetHandleVerifier [0x0x7ff6ff908c79+116681]
	GetHandleVerifier [0x0x7ff6ff8ef058+11176]
	BaseThreadInitThunk [0x0x7fffbe46e8d7+23]
	RtlUserThreadStart [0x0x7fffbfd68d9c+44]

2025-10-10T16:50:01.001419+0700 INFO Order: 251009KYPG85HD Start!!
2025-10-10T16:50:03.653102+0700 INFO Order: 251009KYPG85HD outer_Exception_Error!! 'SMCO :: เปิดการขาย'
2025-10-10T16:50:08.784794+0700 INFO Order: 251009M201WU40 operation_task_thread_outer_Exception_Error!! Message: no such window: target window already closed
from unknown error: web view not found
  (Session info: chrome=140.0.7339.208)
Stacktrace:
	GetHandleVerifier [0x0x7ff6ff8ffca5+79861]
	GetHandleVerifier [0x0x7ff6ff8ffd00+79952]
	(No symbol) [0x0x7ff6ff67cada]
	(No symbol) [0x0x7ff6ff654b91]
	(No symbol) [0x0x7ff6ff7040fe]
	(No symbol) [0x0x7ff6ff7248c2]
	(No symbol) [0x0x7ff6ff6fc8b3]
	(No symbol) [0x0x7ff6ff6c5272]
	(No symbol) [0x0x7ff6ff6c6043]
	GetHandleVerifier [0x0x7ff6ffbbb9dd+2946349]
	GetHandleVerifier [0x0x7ff6ffbb5c5a+2922410]
	GetHandleVerifier [0x0x7ff6ffbd59e7+3052855]
	GetHandleVerifier [0x0x7ff6ff91aa8e+189918]
	GetHandleVerifier [0x0x7ff6ff922a2f+222591]
	GetHandleVerifier [0x0x7ff6ff908ac4+116244]
	GetHandleVerifier [0x0x7ff6ff908c79+116681]
	GetHandleVerifier [0x0x7ff6ff8ef058+11176]
	BaseThreadInitThunk [0x0x7fffbe46e8d7+23]
	RtlUserThreadStart [0x0x7fffbfd68d9c+44]

2025-10-10T16:51:11.092838+0700 INFO Order: 251009KVTDBKE3 Start!!
2025-10-10T16:51:55.705876+0700 INFO Order: 251009KVTDBKE3 outer_Exception_Error!! Message: no such element: element not found
  (Session info: chrome=140.0.7339.208); For documentation on this error, please visit: https://www.selenium.dev/documentation/webdriver/troubleshooting/errors#no-such-element-exception
Stacktrace:
	GetHandleVerifier [0x0x7ff6ff8ffca5+79861]
	GetHandleVerifier [0x0x7ff6ff8ffd00+79952]
	(No symbol) [0x0x7ff6ff67cada]
	(No symbol) [0x0x7ff6ff693295]
	(No symbol) [0x0x7ff6ff691d83]
	(No symbol) [0x0x7ff6ff685377]
	(No symbol) [0x0x7ff6ff683230]
	(No symbol) [0x0x7ff6ff68770f]
	(No symbol) [0x0x7ff6ff6877cf]
	(No symbol) [0x0x7ff6ff6cde36]
	(No symbol) [0x0x7ff6ff6fcada]
	(No symbol) [0x0x7ff6ff6c6bc6]
	(No symbol) [0x0x7ff6ff6fccf0]
	(No symbol) [0x0x7ff6ff724f8b]
	(No symbol) [0x0x7ff6ff6fc8b3]
	(No symbol) [0x0x7ff6ff6c5272]
	(No symbol) [0x0x7ff6ff6c6043]
	GetHandleVerifier [0x0x7ff6ffbbb9dd+2946349]
	GetHandleVerifier [0x0x7ff6ffbb5c5a+2922410]
	GetHandleVerifier [0x0x7ff6ffbd59e7+3052855]
	GetHandleVerifier [0x0x7ff6ff91aa8e+189918]
	GetHandleVerifier [0x0x7ff6ff922a2f+222591]
	GetHandleVerifier [0x0x7ff6ff908ac4+116244]
	GetHandleVerifier [0x0x7ff6ff908c79+116681]
	GetHandleVerifier [0x0x7ff6ff8ef058+11176]
	BaseThreadInitThunk [0x0x7fffbe46e8d7+23]
	RtlUserThreadStart [0x0x7fffbfd68d9c+44]

2025-10-10T16:51:56.295317+0700 INFO Order: 251009M6TU81S5 Start!!
2025-10-10T16:53:07.328777+0700 INFO Order: 251009KVTDBKE3 Start!!
2025-10-10T16:59:19.912605+0700 INFO Order: 251009M6TU81S5 Start!!
2025-10-10T16:59:29.226425+0700 INFO Order: 251009M6TU81S5 outer_Exception_Error!! Message: no such element: Unable to locate element: {"method":"xpath","selector":"/html/body/div[2]/div[3]/div[2]/div[2]/div[2]/div[1]/div[2]/div/div/div[6]/form/div/span/span[1]/span/span[1]"}
  (Session info: chrome=140.0.7339.208); For documentation on this error, please visit: https://www.selenium.dev/documentation/webdriver/troubleshooting/errors#no-such-element-exception
Stacktrace:
	GetHandleVerifier [0x0x7ff6ff8ffca5+79861]
	GetHandleVerifier [0x0x7ff6ff8ffd00+79952]
	(No symbol) [0x0x7ff6ff67cada]
	(No symbol) [0x0x7ff6ff6d4457]
	(No symbol) [0x0x7ff6ff6d471c]
	(No symbol) [0x0x7ff6ff728217]
	(No symbol) [0x0x7ff6ff6fcb1f]
	(No symbol) [0x0x7ff6ff724f8b]
	(No symbol) [0x0x7ff6ff6fc8b3]
	(No symbol) [0x0x7ff6ff6c5272]
	(No symbol) [0x0x7ff6ff6c6043]
	GetHandleVerifier [0x0x7ff6ffbbb9dd+2946349]
	GetHandleVerifier [0x0x7ff6ffbb5c5a+2922410]
	GetHandleVerifier [0x0x7ff6ffbd59e7+3052855]
	GetHandleVerifier [0x0x7ff6ff91aa8e+189918]
	GetHandleVerifier [0x0x7ff6ff922a2f+222591]
	GetHandleVerifier [0x0x7ff6ff908ac4+116244]
	GetHandleVerifier [0x0x7ff6ff908c79+116681]
	GetHandleVerifier [0x0x7ff6ff8ef058+11176]
	BaseThreadInitThunk [0x0x7fffbe46e8d7+23]
	RtlUserThreadStart [0x0x7fffbfd68d9c+44]

2025-10-10T16:59:30.615474+0700 INFO Order: 251009M8TM3PU7 Start!!
2025-10-10T16:59:42.390878+0700 INFO Order: 251009M8TM3PU7 outer_Exception_Error!! Message: element click intercepted: Element <button class="btn btn-sm btn-outline btn-primary " type="button" id="newMember" ng-click="findNewMember(true);" ng-hide="_readOnlyPage === '1'" ng-show="posbook.data.transactionTypeId === undefined || (posbook.data.transactionTypeId === 91200001 &amp;&amp; posbook.data.orderStatus.lookupMasterId !== 10820007)" title="">...</button> is not clickable at point (1296, 418). Other element would receive the click: <textarea class="form-control validate ng-pristine ng-untouched ng-valid ng-empty ng-valid-maxlength" rows="4" maxlength="150" placeholder="Define 150 digits." validate-special-character="" check-sc="',&amp;" style="resize: none;" id="addressCustomer" name="addressCustomer" ng-model="memberNew.data.dataOfMemberAddress.custAddress" title=""></textarea>
  (Session info: chrome=140.0.7339.208)
Stacktrace:
	GetHandleVerifier [0x0x7ff6ff8ffca5+79861]
	GetHandleVerifier [0x0x7ff6ff8ffd00+79952]
	(No symbol) [0x0x7ff6ff67cada]
	(No symbol) [0x0x7ff6ff6dc5d9]
	(No symbol) [0x0x7ff6ff6d9f5e]
	(No symbol) [0x0x7ff6ff6d6eb1]
	(No symbol) [0x0x7ff6ff6d5da0]
	(No symbol) [0x0x7ff6ff6c7338]
	(No symbol) [0x0x7ff6ff6fcada]
	(No symbol) [0x0x7ff6ff6c6bc6]
	(No symbol) [0x0x7ff6ff6fccf0]
	(No symbol) [0x0x7ff6ff724f8b]
	(No symbol) [0x0x7ff6ff6fc8b3]
	(No symbol) [0x0x7ff6ff6c5272]
	(No symbol) [0x0x7ff6ff6c6043]
	GetHandleVerifier [0x0x7ff6ffbbb9dd+2946349]
	GetHandleVerifier [0x0x7ff6ffbb5c5a+2922410]
	GetHandleVerifier [0x0x7ff6ffbd59e7+3052855]
	GetHandleVerifier [0x0x7ff6ff91aa8e+189918]
	GetHandleVerifier [0x0x7ff6ff922a2f+222591]
	GetHandleVerifier [0x0x7ff6ff908ac4+116244]
	GetHandleVerifier [0x0x7ff6ff908c79+116681]
	GetHandleVerifier [0x0x7ff6ff8ef058+11176]
	BaseThreadInitThunk [0x0x7fffbe46e8d7+23]
	RtlUserThreadStart [0x0x7fffbfd68d9c+44]

2025-10-10T16:59:43.212359+0700 INFO Order: 251009KYPG85HD Start!!
2025-10-10T16:59:58.878840+0700 INFO 251009KYPG85HD: cusname is Not Duplicated
2025-10-10T17:00:49.256729+0700 INFO Order: 251009KYPG85HD outer_Exception_Error!! main thread is not in main loop
2025-10-10T17:02:26.385218+0700 INFO Order: 251009M6TU81S5 Start!!
2025-10-10T17:03:40.484780+0700 INFO Order: 251009M8TM3PU7 Start!!
2025-10-10T17:04:00.814178+0700 INFO 251009M8TM3PU7: cusname is Not Duplicated
2025-10-10T17:08:23.171183+0700 INFO Order: 251009KYPG85HD Start!!
2025-10-10T17:09:23.273660+0700 INFO Order: 251009M201WU40 Start!!
2025-10-10T17:09:38.785271+0700 INFO 251009M201WU40: cusname is Not Duplicated
2025-10-10T17:10:22.967240+0700 INFO Order: 251009M37ASUYE Start!!
2025-10-10T17:10:37.752763+0700 INFO 251009M37ASUYE: cusname is Not Duplicated
2025-10-11T11:29:34.716653+0700 INFO Order: 251009MUE4EDQF Start!!
2025-10-11T11:29:49.210712+0700 INFO 251009MUE4EDQF: cusname is Not Duplicated
2025-10-11T11:33:32.209088+0700 INFO Order: 251010P85CNEPE Start!!
2025-10-11T11:38:11.872691+0700 INFO Order: 251009MQ85N6BQ Start!!
2025-10-11T11:38:25.181226+0700 INFO 251009MQ85N6BQ: cusname is Not Duplicated
2025-10-11T11:41:21.868969+0700 INFO Order: 251010N6XW76UR Start!!
2025-10-11T11:41:36.109228+0700 INFO 251010N6XW76UR: cusname is Not Duplicated
2025-10-11T14:39:00.191186+0700 INFO Order: 251010Q50MGNMC Start!!
2025-10-11T14:39:07.672061+0700 INFO 251010Q50MGNMC: compare self.current_address & self.desired_full_address
2025-10-11T14:39:07.673062+0700 INFO 74-76ถ.หลังพระพระปฐมเจดีย์เมืองนครปฐมนครปฐม73000
2025-10-11T14:39:07.674077+0700 INFO 74-76ถนนหลังพระพระปฐมเจดีย์เมืองนครปฐมนครปฐม73000
2025-10-11T14:48:22.835687+0700 INFO Order: 251010PEH32QJK Start!!
2025-10-11T14:48:32.666579+0700 INFO Order: 251010PEH32QJK outer_Exception_Error!! Message: no such element: Unable to locate element: {"method":"xpath","selector":"/html/body/div[2]/div[3]/div[2]/div[2]/div[2]/div[1]/div[2]/div/div/div[6]/form/div/span/span[1]/span/span[1]"}
  (Session info: chrome=141.0.7390.66); For documentation on this error, please visit: https://www.selenium.dev/documentation/webdriver/troubleshooting/errors#no-such-element-exception
Stacktrace:
	GetHandleVerifier [0x0x7ff71385fca5+79861]
	GetHandleVerifier [0x0x7ff71385fd00+79952]
	(No symbol) [0x0x7ff7135dcada]
	(No symbol) [0x0x7ff713634457]
	(No symbol) [0x0x7ff71363471c]
	(No symbol) [0x0x7ff713688217]
	(No symbol) [0x0x7ff71365cb1f]
	(No symbol) [0x0x7ff713684f8b]
	(No symbol) [0x0x7ff71365c8b3]
	(No symbol) [0x0x7ff713625272]
	(No symbol) [0x0x7ff713626043]
	GetHandleVerifier [0x0x7ff713b1b9dd+2946349]
	GetHandleVerifier [0x0x7ff713b15c5a+2922410]
	GetHandleVerifier [0x0x7ff713b359e7+3052855]
	GetHandleVerifier [0x0x7ff71387aa8e+189918]
	GetHandleVerifier [0x0x7ff713882a2f+222591]
	GetHandleVerifier [0x0x7ff713868ac4+116244]
	GetHandleVerifier [0x0x7ff713868c79+116681]
	GetHandleVerifier [0x0x7ff71384f058+11176]
	BaseThreadInitThunk [0x0x7fffbe46e8d7+23]
	RtlUserThreadStart [0x0x7fffbfd68d9c+44]

2025-10-11T14:48:33.248965+0700 INFO Order: 251010PF314AM7 Start!!
2025-10-11T14:48:47.763082+0700 INFO 251010PF314AM7: cusname is Not Duplicated
2025-10-11T14:49:03.229242+0700 ERROR sku input in smco cannot be interact from order: 
2025-10-11T14:49:03.229242+0700 INFO Order: 251010PF314AM7 outer_Exception_Error!! sku input in smco cannot be interact
2025-10-11T14:49:04.280731+0700 INFO Order: 251010PENBDGB7 Start!!
2025-10-11T14:49:09.412626+0700 INFO Order: 251010PENBDGB7 outer_Exception_Error!! Message: no such element: Unable to locate element: {"method":"xpath","selector":"/html/body/div[2]/div[2]/div[2]/div[1]/label/div/button"}
  (Session info: chrome=141.0.7390.66); For documentation on this error, please visit: https://www.selenium.dev/documentation/webdriver/troubleshooting/errors#no-such-element-exception
Stacktrace:
	GetHandleVerifier [0x0x7ff71385fca5+79861]
	GetHandleVerifier [0x0x7ff71385fd00+79952]
	(No symbol) [0x0x7ff7135dcada]
	(No symbol) [0x0x7ff713634457]
	(No symbol) [0x0x7ff71363471c]
	(No symbol) [0x0x7ff713688217]
	(No symbol) [0x0x7ff71365cb1f]
	(No symbol) [0x0x7ff713684f8b]
	(No symbol) [0x0x7ff71365c8b3]
	(No symbol) [0x0x7ff713625272]
	(No symbol) [0x0x7ff713626043]
	GetHandleVerifier [0x0x7ff713b1b9dd+2946349]
	GetHandleVerifier [0x0x7ff713b15c5a+2922410]
	GetHandleVerifier [0x0x7ff713b359e7+3052855]
	GetHandleVerifier [0x0x7ff71387aa8e+189918]
	GetHandleVerifier [0x0x7ff713882a2f+222591]
	GetHandleVerifier [0x0x7ff713868ac4+116244]
	GetHandleVerifier [0x0x7ff713868c79+116681]
	GetHandleVerifier [0x0x7ff71384f058+11176]
	BaseThreadInitThunk [0x0x7fffbe46e8d7+23]
	RtlUserThreadStart [0x0x7fffbfd68d9c+44]

2025-10-11T14:49:10.269481+0700 INFO Order: 251010PFJK0BGP Start!!
2025-10-11T14:49:14.954530+0700 INFO Order: 251010PFJK0BGP outer_Exception_Error!! Message: no such element: Unable to locate element: {"method":"xpath","selector":"/html/body/div[2]/div[2]/div[2]/div[1]/label/div/button"}
  (Session info: chrome=141.0.7390.66); For documentation on this error, please visit: https://www.selenium.dev/documentation/webdriver/troubleshooting/errors#no-such-element-exception
Stacktrace:
	GetHandleVerifier [0x0x7ff71385fca5+79861]
	GetHandleVerifier [0x0x7ff71385fd00+79952]
	(No symbol) [0x0x7ff7135dcada]
	(No symbol) [0x0x7ff713634457]
	(No symbol) [0x0x7ff71363471c]
	(No symbol) [0x0x7ff713688217]
	(No symbol) [0x0x7ff71365cb1f]
	(No symbol) [0x0x7ff713684f8b]
	(No symbol) [0x0x7ff71365c8b3]
	(No symbol) [0x0x7ff713625272]
	(No symbol) [0x0x7ff713626043]
	GetHandleVerifier [0x0x7ff713b1b9dd+2946349]
	GetHandleVerifier [0x0x7ff713b15c5a+2922410]
	GetHandleVerifier [0x0x7ff713b359e7+3052855]
	GetHandleVerifier [0x0x7ff71387aa8e+189918]
	GetHandleVerifier [0x0x7ff713882a2f+222591]
	GetHandleVerifier [0x0x7ff713868ac4+116244]
	GetHandleVerifier [0x0x7ff713868c79+116681]
	GetHandleVerifier [0x0x7ff71384f058+11176]
	BaseThreadInitThunk [0x0x7fffbe46e8d7+23]
	RtlUserThreadStart [0x0x7fffbfd68d9c+44]

2025-10-11T14:49:15.641841+0700 INFO Order: 251010PHPWRSM8 Start!!
2025-10-11T14:49:20.474401+0700 INFO Order: 251010PHPWRSM8 outer_Exception_Error!! Message: no such element: Unable to locate element: {"method":"xpath","selector":"/html/body/div[2]/div[2]/div[2]/div[1]/label/div/button"}
  (Session info: chrome=141.0.7390.66); For documentation on this error, please visit: https://www.selenium.dev/documentation/webdriver/troubleshooting/errors#no-such-element-exception
Stacktrace:
	GetHandleVerifier [0x0x7ff71385fca5+79861]
	GetHandleVerifier [0x0x7ff71385fd00+79952]
	(No symbol) [0x0x7ff7135dcada]
	(No symbol) [0x0x7ff713634457]
	(No symbol) [0x0x7ff71363471c]
	(No symbol) [0x0x7ff713688217]
	(No symbol) [0x0x7ff71365cb1f]
	(No symbol) [0x0x7ff713684f8b]
	(No symbol) [0x0x7ff71365c8b3]
	(No symbol) [0x0x7ff713625272]
	(No symbol) [0x0x7ff713626043]
	GetHandleVerifier [0x0x7ff713b1b9dd+2946349]
	GetHandleVerifier [0x0x7ff713b15c5a+2922410]
	GetHandleVerifier [0x0x7ff713b359e7+3052855]
	GetHandleVerifier [0x0x7ff71387aa8e+189918]
	GetHandleVerifier [0x0x7ff713882a2f+222591]
	GetHandleVerifier [0x0x7ff713868ac4+116244]
	GetHandleVerifier [0x0x7ff713868c79+116681]
	GetHandleVerifier [0x0x7ff71384f058+11176]
	BaseThreadInitThunk [0x0x7fffbe46e8d7+23]
	RtlUserThreadStart [0x0x7fffbfd68d9c+44]

2025-10-11T14:50:44.993283+0700 INFO Order: 251010PEH32QJK Start!!
2025-10-11T14:51:00.215455+0700 INFO 251010PEH32QJK: cusname is Not Duplicated
2025-10-11T14:51:54.275381+0700 INFO Order: 251010PF314AM7 Start!!
2025-10-11T14:52:38.967207+0700 INFO Order: 251010PENBDGB7 Start!!
2025-10-11T14:52:52.163860+0700 INFO 251010PENBDGB7: cusname is Not Duplicated
2025-10-11T14:53:32.518567+0700 INFO Order: 251010PFJK0BGP Start!!
2025-10-11T14:53:46.586606+0700 INFO 251010PFJK0BGP: cusname is Not Duplicated
2025-10-11T14:54:45.327308+0700 INFO Order: 251010PHPWRSM8 Start!!
2025-10-11T14:55:00.148029+0700 INFO 251010PHPWRSM8: cusname is Not Duplicated
2025-10-11T14:55:42.965009+0700 INFO Order: 251010PJDFN5EY Start!!
2025-10-11T14:55:57.308164+0700 INFO 251010PJDFN5EY: cusname is Not Duplicated
2025-10-11T14:56:43.730368+0700 INFO Order: 251010PJTGCJE8 Start!!
2025-10-11T14:56:57.551020+0700 INFO 251010PJTGCJE8: cusname is Not Duplicated
2025-10-11T14:57:35.437993+0700 INFO Order: 251010PK5GBYE4 Start!!
2025-10-11T14:57:51.433933+0700 INFO 251010PK5GBYE4: cusname is Not Duplicated
2025-10-11T14:58:39.509523+0700 INFO Order: 251010PMS35FC7 Start!!
2025-10-11T14:58:53.207071+0700 INFO 251010PMS35FC7: cusname is Not Duplicated
2025-10-11T14:59:34.394791+0700 INFO Order: 251010PND23QQX Start!!
2025-10-11T14:59:49.463389+0700 INFO 251010PND23QQX: cusname is Not Duplicated
2025-10-11T15:00:30.599198+0700 INFO Order: 251010PQAWYFJ7 Start!!
2025-10-11T15:00:45.154097+0700 INFO 251010PQAWYFJ7: cusname is Not Duplicated
2025-10-11T15:01:28.542254+0700 INFO Order: 251010PQD6EQHF Start!!
2025-10-11T15:01:42.527146+0700 INFO 251010PQD6EQHF: cusname is Not Duplicated
2025-10-11T15:02:19.504807+0700 INFO Order: 251010PS56BX89 Start!!
2025-10-11T15:02:32.335158+0700 INFO 251010PS56BX89: cusname is Not Duplicated
2025-10-11T15:03:05.552237+0700 INFO Order: 251010PSWBREHY Start!!
2025-10-11T15:03:31.370801+0700 INFO 251010PSWBREHY: cusname is Not Duplicated
2025-10-11T15:04:10.634422+0700 INFO Order: 251010PSHG92Y3 Start!!
2025-10-11T15:06:57.723937+0700 INFO Order: 251010PSHG92Y3 stop operation
2025-10-11T15:06:58.775255+0700 INFO Order: 251010PPP0FJE0 Start!!
2025-10-11T15:07:25.555583+0700 INFO 251010PPP0FJE0: cusname is Not Duplicated
2025-10-11T15:07:45.288567+0700 INFO Order: 251010PPP0FJE0 stop operation
2025-10-11T15:07:46.180900+0700 INFO Order: 251010PK5M49XA Start!!
2025-10-11T15:07:53.137915+0700 INFO Order: 251010PK5M49XA outer_Exception_Error!! ไม่มี C210009106 นี้จาก response_data
2025-10-11T15:07:53.736121+0700 INFO Order: 251010PHK1Q8C8 Start!!
2025-10-11T15:08:08.136415+0700 INFO 251010PHK1Q8C8: cusname is Not Duplicated
2025-10-11T15:08:30.071286+0700 INFO Order: 251010PHK1Q8C8 stop operation
2025-10-11T15:08:30.721181+0700 INFO Order: 251010PWJNG1J9 Start!!
2025-10-11T15:08:47.745477+0700 INFO 251010PWJNG1J9: cusname is Not Duplicated
2025-10-11T15:09:26.645521+0700 INFO Order: 251010PX9Y8X0X Start!!
2025-10-11T15:09:36.287518+0700 INFO Order: 251010PX9Y8X0X outer_Exception_Error!! Message: element click intercepted: Element <button class="btn btn-sm btn-outline btn-primary " type="button" id="newMember" ng-click="findNewMember(true);" ng-hide="_readOnlyPage === '1'" ng-show="posbook.data.transactionTypeId === undefined || (posbook.data.transactionTypeId === 91200001 &amp;&amp; posbook.data.orderStatus.lookupMasterId !== 10820007)" title="">...</button> is not clickable at point (1421, 418). Other element would receive the click: <textarea class="form-control validate ng-valid ng-valid-maxlength ng-dirty ng-touched ng-empty" rows="4" maxlength="150" placeholder="Define 150 digits." validate-special-character="" check-sc="',&amp;" style="resize: none;" id="addressCustomer" name="addressCustomer" ng-model="memberNew.data.dataOfMemberAddress.custAddress" title=""></textarea>
  (Session info: chrome=141.0.7390.66)
Stacktrace:
	GetHandleVerifier [0x0x7ff71385fca5+79861]
	GetHandleVerifier [0x0x7ff71385fd00+79952]
	(No symbol) [0x0x7ff7135dcada]
	(No symbol) [0x0x7ff71363c5d9]
	(No symbol) [0x0x7ff713639f5e]
	(No symbol) [0x0x7ff713636eb1]
	(No symbol) [0x0x7ff713635da0]
	(No symbol) [0x0x7ff713627338]
	(No symbol) [0x0x7ff71365cada]
	(No symbol) [0x0x7ff713626bc6]
	(No symbol) [0x0x7ff71365ccf0]
	(No symbol) [0x0x7ff713684f8b]
	(No symbol) [0x0x7ff71365c8b3]
	(No symbol) [0x0x7ff713625272]
	(No symbol) [0x0x7ff713626043]
	GetHandleVerifier [0x0x7ff713b1b9dd+2946349]
	GetHandleVerifier [0x0x7ff713b15c5a+2922410]
	GetHandleVerifier [0x0x7ff713b359e7+3052855]
	GetHandleVerifier [0x0x7ff71387aa8e+189918]
	GetHandleVerifier [0x0x7ff713882a2f+222591]
	GetHandleVerifier [0x0x7ff713868ac4+116244]
	GetHandleVerifier [0x0x7ff713868c79+116681]
	GetHandleVerifier [0x0x7ff71384f058+11176]
	BaseThreadInitThunk [0x0x7fffbe46e8d7+23]
	RtlUserThreadStart [0x0x7fffbfd68d9c+44]

2025-10-11T15:09:37.256563+0700 INFO Order: 251010PXB4DAX1 Start!!
2025-10-11T15:10:28.664418+0700 INFO Order: 251010PXFS622V Start!!
2025-10-11T15:10:43.366750+0700 INFO 251010PXFS622V: cusname is Not Duplicated
2025-10-11T15:11:34.772072+0700 INFO Order: 251010Q1DDNUSP Start!!
2025-10-11T15:11:49.150298+0700 INFO 251010Q1DDNUSP: cusname is Not Duplicated
2025-10-11T15:12:28.610768+0700 INFO Order: 251010Q2320YW9 Start!!
2025-10-11T15:12:41.465254+0700 INFO 251010Q2320YW9: cusname is Not Duplicated
2025-10-11T15:13:25.140192+0700 INFO Order: 251010Q2DV5C5E Start!!
2025-10-11T15:13:39.552897+0700 INFO 251010Q2DV5C5E: cusname is Not Duplicated
2025-10-11T15:14:17.670462+0700 INFO Order: 251010Q3HV8E9E Start!!
2025-10-11T15:14:41.334153+0700 INFO 251010Q3HV8E9E: cusname is Not Duplicated
2025-10-11T15:15:17.803782+0700 INFO Order: 251010QDAH82GT Start!!
2025-10-11T15:15:32.083380+0700 INFO 251010QDAH82GT: cusname is Not Duplicated
2025-10-11T15:16:11.870834+0700 INFO Order: 251010QDHAMKNC Start!!
2025-10-11T15:16:26.545465+0700 INFO 251010QDHAMKNC: cusname is Not Duplicated
2025-10-11T15:17:04.317193+0700 INFO Order: 251010QJ44E5SG Start!!
2025-10-11T15:17:18.743066+0700 INFO 251010QJ44E5SG: cusname is Not Duplicated
2025-10-11T15:18:01.158408+0700 INFO Order: 251010QJEP2J97 Start!!
2025-10-11T15:18:11.794593+0700 INFO Order: 251010QJEP2J97 outer_Exception_Error!! Message: element click intercepted: Element <button class="btn btn-sm btn-outline btn-primary " type="button" id="newMember" ng-click="findNewMember(true);" ng-hide="_readOnlyPage === '1'" ng-show="posbook.data.transactionTypeId === undefined || (posbook.data.transactionTypeId === 91200001 &amp;&amp; posbook.data.orderStatus.lookupMasterId !== 10820007)" title="">...</button> is not clickable at point (1421, 418). Other element would receive the click: <textarea class="form-control validate ng-valid ng-valid-maxlength ng-dirty ng-touched ng-empty" rows="4" maxlength="150" placeholder="Define 150 digits." validate-special-character="" check-sc="',&amp;" style="resize: none;" id="addressCustomer" name="addressCustomer" ng-model="memberNew.data.dataOfMemberAddress.custAddress" title=""></textarea>
  (Session info: chrome=141.0.7390.66)
Stacktrace:
	GetHandleVerifier [0x0x7ff71385fca5+79861]
	GetHandleVerifier [0x0x7ff71385fd00+79952]
	(No symbol) [0x0x7ff7135dcada]
	(No symbol) [0x0x7ff71363c5d9]
	(No symbol) [0x0x7ff713639f5e]
	(No symbol) [0x0x7ff713636eb1]
	(No symbol) [0x0x7ff713635da0]
	(No symbol) [0x0x7ff713627338]
	(No symbol) [0x0x7ff71365cada]
	(No symbol) [0x0x7ff713626bc6]
	(No symbol) [0x0x7ff71365ccf0]
	(No symbol) [0x0x7ff713684f8b]
	(No symbol) [0x0x7ff71365c8b3]
	(No symbol) [0x0x7ff713625272]
	(No symbol) [0x0x7ff713626043]
	GetHandleVerifier [0x0x7ff713b1b9dd+2946349]
	GetHandleVerifier [0x0x7ff713b15c5a+2922410]
	GetHandleVerifier [0x0x7ff713b359e7+3052855]
	GetHandleVerifier [0x0x7ff71387aa8e+189918]
	GetHandleVerifier [0x0x7ff713882a2f+222591]
	GetHandleVerifier [0x0x7ff713868ac4+116244]
	GetHandleVerifier [0x0x7ff713868c79+116681]
	GetHandleVerifier [0x0x7ff71384f058+11176]
	BaseThreadInitThunk [0x0x7fffbe46e8d7+23]
	RtlUserThreadStart [0x0x7fffbfd68d9c+44]

2025-10-11T15:18:12.522269+0700 INFO Order: 251011QKW4V7GF Start!!
2025-10-11T15:18:27.083227+0700 INFO 251011QKW4V7GF: cusname is Not Duplicated
2025-10-11T15:19:04.792389+0700 INFO Order: 251010PJ33S0WD Start!!
2025-10-11T15:19:12.322915+0700 INFO 251010PJ33S0WD: compare self.current_address & self.desired_full_address
2025-10-11T15:19:12.324509+0700 INFO เลขที่56หมู่ที่2สันพระเนตรสันทรายเชียงใหม่50210
2025-10-11T15:19:12.324509+0700 INFO 56หมู่2สันพระเนตรสันทรายเชียงใหม่50210
2025-10-11T15:20:24.168837+0700 INFO Order: 251010PFHNCHBV Start!!
2025-10-11T15:20:49.821639+0700 INFO 251010PFHNCHBV: cusname is Not Duplicated
2025-10-11T15:21:29.167900+0700 INFO Order: 251010PFMVDF38 Start!!
2025-10-11T15:22:02.908992+0700 INFO 251010PFMVDF38: cusname is Not Duplicated
2025-10-11T15:22:38.063261+0700 INFO Order: 251010PJA4TYC2 Start!!
2025-10-11T15:22:53.843795+0700 INFO 251010PJA4TYC2: cusname is Not Duplicated
2025-10-11T15:23:29.697376+0700 INFO Order: 251010PPH51K3U Start!!
2025-10-11T15:23:53.655400+0700 INFO 251010PPH51K3U: cusname is Not Duplicated
2025-10-11T15:25:01.743980+0700 INFO Order: 251010PRU8SVBS Start!!
2025-10-11T15:25:20.104472+0700 INFO 251010PRU8SVBS: cusname is Not Duplicated
2025-10-11T15:25:59.873302+0700 INFO Order: 251010PSB8Y34H Start!!
2025-10-11T15:26:23.351705+0700 INFO 251010PSB8Y34H: cusname is Not Duplicated
2025-10-11T15:27:00.152738+0700 INFO Order: 251010QEYGVVJ2 Start!!
2025-10-11T15:27:36.936752+0700 INFO Order: 251010QH1AJUNG Start!!
2025-10-11T15:27:52.552795+0700 INFO 251010QH1AJUNG: cusname is Not Duplicated
2025-10-11T15:28:27.827956+0700 INFO Order: 251010QH3H4C65 Start!!
2025-10-11T15:28:43.032946+0700 INFO 251010QH3H4C65: cusname is Not Duplicated
2025-10-11T15:29:20.133968+0700 INFO Order: 251010PH4DJ30G Start!!
2025-10-11T15:29:36.007544+0700 INFO 251010PH4DJ30G: cusname is Not Duplicated
2025-10-11T15:30:53.194731+0700 INFO Order: 251010PN2S2Q9F Start!!
2025-10-11T15:31:07.931485+0700 INFO 251010PN2S2Q9F: cusname is Not Duplicated
2025-10-11T15:31:58.492565+0700 INFO Order: 251010PN2S2Q9F outer_Exception_Error!! 'NoneType' object has no attribute 'is_displayed'
2025-10-11T15:31:59.380558+0700 INFO Order: 251010Q6MTEF0U Start!!
2025-10-11T15:32:14.504089+0700 INFO 251010Q6MTEF0U: cusname is Not Duplicated
2025-10-11T15:34:35.517934+0700 INFO Order: 251010PG5VYK0E Start!!
2025-10-11T15:35:29.230122+0700 INFO Order: 251010PG98QPFB Start!!
2025-10-11T15:35:43.015136+0700 INFO 251010PG98QPFB: cusname is Not Duplicated
2025-10-11T15:36:17.273247+0700 INFO Order: 251010QKB3V9AG Start!!
2025-10-11T15:36:30.689726+0700 INFO 251010QKB3V9AG: cusname is Not Duplicated
2025-10-11T15:37:05.816313+0700 INFO Order: 251010PVCNFKYY Start!!
2025-10-11T15:37:19.576818+0700 INFO 251010PVCNFKYY: cusname is Not Duplicated
2025-10-11T15:38:08.535553+0700 INFO Order: 251010PDCV96HU Start!!
2025-10-11T15:38:14.701408+0700 INFO 251010PDCV96HU: compare self.current_address & self.desired_full_address
2025-10-11T15:38:14.702415+0700 INFO 111/110หมู่ที่7บางคูวัดเมืองปทุมธานีปทุมธานี12000
2025-10-11T15:38:14.702415+0700 INFO 111/110ม.7บางคูวัดเมืองปทุมธานีปทุมธานี12000
2025-10-11T15:40:06.744790+0700 INFO Order: 251010PGCPBR0P Start!!
2025-10-11T15:40:20.651280+0700 INFO 251010PGCPBR0P: cusname is Not Duplicated
2025-10-11T15:41:58.721330+0700 INFO Order: 251010PHWN7S40 Start!!
2025-10-11T15:42:13.321389+0700 INFO 251010PHWN7S40: cusname is Not Duplicated
2025-10-11T15:43:05.381117+0700 INFO Order: 251010PNCFYGN0 Start!!
2025-10-11T15:43:32.978483+0700 INFO 251010PNCFYGN0: cusname is Not Duplicated
2025-10-11T15:44:28.429541+0700 INFO Order: 251010PNDDH60C Start!!
2025-10-11T15:44:43.867421+0700 INFO 251010PNDDH60C: cusname is Not Duplicated
2025-10-11T15:45:30.465201+0700 INFO Order: 251010PPK9MWY3 Start!!
2025-10-11T15:45:45.843754+0700 INFO 251010PPK9MWY3: cusname is Not Duplicated
2025-10-11T15:46:30.020903+0700 INFO Order: 251010PRXMHVFW Start!!
2025-10-11T15:46:43.486686+0700 INFO 251010PRXMHVFW: cusname is Not Duplicated
2025-10-11T15:47:34.501793+0700 INFO Order: 251010PW9T8DJX Start!!
2025-10-11T15:47:49.797628+0700 INFO 251010PW9T8DJX: cusname is Not Duplicated
2025-10-11T15:48:38.134188+0700 INFO Order: 251010Q2PYYGPQ Start!!
2025-10-11T15:48:52.208115+0700 INFO 251010Q2PYYGPQ: cusname is Not Duplicated
2025-10-11T15:49:34.940726+0700 INFO Order: 251010Q4V8BC4P Start!!
2025-10-11T15:49:47.773482+0700 INFO 251010Q4V8BC4P: cusname is Not Duplicated
2025-10-11T15:50:57.277009+0700 INFO Order: 251010Q814GVBX Start!!
2025-10-11T15:51:11.942968+0700 INFO 251010Q814GVBX: cusname is Not Duplicated
2025-10-11T15:52:05.624837+0700 INFO Order: 251010QCAF3XKC Start!!
2025-10-11T15:52:21.056340+0700 INFO 251010QCAF3XKC: cusname is Not Duplicated
2025-10-11T15:53:13.707004+0700 INFO Order: 251010QCH6MCFQ Start!!
2025-10-11T15:53:28.490260+0700 INFO 251010QCH6MCFQ: cusname is Not Duplicated
2025-10-11T15:54:14.207072+0700 INFO Order: 251010QEA8V46D Start!!
2025-10-11T15:54:30.270111+0700 INFO 251010QEA8V46D: cusname is Not Duplicated
2025-10-11T15:55:08.544722+0700 INFO Order: 251010QEF75JW9 Start!!
2025-10-11T15:55:24.326921+0700 INFO 251010QEF75JW9: cusname is Not Duplicated
2025-10-11T15:56:39.036441+0700 INFO Order: 251010QESG63TG Start!!
2025-10-11T15:56:52.995175+0700 INFO 251010QESG63TG: cusname is Not Duplicated
2025-10-11T15:57:38.123964+0700 INFO Order: 251010QF390XG2 Start!!
2025-10-11T15:57:53.199803+0700 INFO 251010QF390XG2: cusname is Not Duplicated
2025-10-11T16:01:19.702883+0700 INFO Order: 251010QFTE2VAH Start!!
2025-10-11T16:01:34.160297+0700 INFO 251010QFTE2VAH: cusname is Not Duplicated
2025-10-11T16:02:22.955322+0700 INFO Order: 251010QH0KQ0HM Start!!
2025-10-11T16:02:44.781431+0700 INFO 251010QH0KQ0HM: cusname is Not Duplicated
2025-10-11T16:02:46.851372+0700 INFO 251010QH0KQ0HM: compare self.current_address & self.desired_full_address
2025-10-11T16:02:46.860589+0700 INFO 793-795ถนนทรงวาดจักรวรรดิสัมพันธวงศ์กรุงเทพมหานคร10100
2025-10-11T16:02:46.861585+0700 INFO 793-795ถนนทรงวาดจักรวรรดิสัมพันธวงศ์กรุงเทพมหานคร53190
2025-10-11T16:04:18.461040+0700 INFO Order: 251011QMNVDHWN Start!!
2025-10-11T16:04:32.599449+0700 INFO 251011QMNVDHWN: cusname is Not Duplicated
2025-10-11T16:05:12.863126+0700 INFO Order: 251011QMQD12BA Start!!
2025-10-11T16:05:26.758300+0700 INFO 251011QMQD12BA: cusname is Not Duplicated
2025-10-11T16:06:12.320099+0700 INFO Order: 251010Q2R83DMH Start!!
2025-10-11T16:07:41.319269+0700 INFO Order: 251010Q2R83DMH stop operation
2025-10-11T16:07:42.180123+0700 INFO Order: 251010PPNRUADB Start!!
2025-10-11T16:07:56.073521+0700 INFO Order: 251010PPNRUADB stop operation
2025-10-11T16:07:57.337742+0700 INFO Order: 251010PSCB91WB Start!!
2025-10-11T16:08:11.649224+0700 INFO 251010PSCB91WB: cusname is Not Duplicated
2025-10-11T16:09:03.247105+0700 INFO Order: 251010PKDJR8VQ Start!!
2025-10-11T16:10:01.487557+0700 INFO Order: 251010PN20884S Start!!
2025-10-11T16:10:14.631437+0700 INFO 251010PN20884S: cusname is Not Duplicated
2025-10-11T16:12:04.231985+0700 INFO Order: 251010Q6FV490C Start!!
2025-10-11T16:12:17.351460+0700 INFO 251010Q6FV490C: cusname is Not Duplicated
2025-10-11T16:13:39.302977+0700 INFO Order: 251010PXA22P7X Start!!
2025-10-11T16:13:53.126162+0700 INFO 251010PXA22P7X: cusname is Not Duplicated
2025-10-11T16:20:46.064182+0700 INFO Order: 251010PXA22P7X stop operation
2025-10-11T16:20:47.079578+0700 INFO Order: 251010PFAMAYSH Start!!
2025-10-11T16:22:18.901841+0700 INFO Order: 251010PQWQQQWA Start!!
2025-10-11T16:22:27.241659+0700 INFO 251010PQWQQQWA: compare self.current_address & self.desired_full_address
2025-10-11T16:22:27.242665+0700 INFO 111/110หมู่ที่7บางคูวัดเมืองปทุมธานีปทุมธานี12000
2025-10-11T16:22:27.242665+0700 INFO 111/110หมู่7บางคูวัดเมืองปทุมธานีปทุมธานี12000
2025-10-11T16:24:01.435230+0700 INFO Order: 251010PPTWRUV3 Start!!
2025-10-11T16:24:16.371692+0700 INFO 251010PPTWRUV3: cusname is Not Duplicated
2025-10-11T16:25:26.609228+0700 INFO Order: 251010PTDGQ317 Start!!
2025-10-11T16:25:39.659282+0700 INFO 251010PTDGQ317: cusname is Not Duplicated
2025-10-11T16:26:28.941403+0700 INFO Order: 251010Q3CBT5DR Start!!
2025-10-11T16:26:45.205940+0700 INFO 251010Q3CBT5DR: cusname is Not Duplicated
2025-10-11T16:27:21.260142+0700 INFO Order: 251010Q8FTP6UW Start!!
2025-10-11T16:27:34.999255+0700 INFO 251010Q8FTP6UW: cusname is Not Duplicated
2025-10-11T16:28:24.093649+0700 INFO Order: 251010N9JYH2UY Start!!
2025-10-11T16:28:37.148635+0700 INFO 251010N9JYH2UY: cusname is Not Duplicated
2025-10-11T16:29:37.607044+0700 INFO Order: 251010PC5WWG1H Start!!
2025-10-11T16:29:51.621822+0700 INFO 251010PC5WWG1H: cusname is Not Duplicated
2025-10-11T16:30:39.093125+0700 INFO Order: 251010PE4XWDCT Start!!
2025-10-11T16:30:45.462876+0700 INFO 251010PE4XWDCT: compare self.current_address & self.desired_full_address
2025-10-11T16:30:45.464173+0700 INFO 18/1ม.4ธรรมศาลาเมืองนครปฐมนครปฐม73000
2025-10-11T16:30:45.464173+0700 INFO 18/1หมู่4ธรรมศาลาเมืองนครปฐมนครปฐม73000
2025-10-11T16:32:06.601106+0700 INFO Order: 251010PJYNDPD5 Start!!
2025-10-11T16:32:32.092573+0700 INFO 251010PJYNDPD5: cusname is Not Duplicated
2025-10-11T16:33:13.791218+0700 INFO Order: 251010PKX9SNJA Start!!
2025-10-11T16:34:35.965839+0700 INFO Order: 251010PMJ3232U Start!!
2025-10-11T16:34:41.863989+0700 INFO 251010PMJ3232U: compare self.current_address & self.desired_full_address
2025-10-11T16:34:41.865502+0700 INFO 78/159ซ.คู้บอน27แยก29ท่าแร้ง บางเขนกรุงเทพมหานคร10220
2025-10-11T16:34:41.865502+0700 INFO 78/159ซ.คู้บอน27แยก29ท่าแร้งบางเขนกรุงเทพมหานคร10220
2025-10-11T16:35:56.102595+0700 INFO Order: 251010PMX83BBV Start!!
2025-10-11T16:36:58.334990+0700 INFO Order: 251010PWBFMRPE Start!!
2025-10-11T16:37:12.784523+0700 INFO 251010PWBFMRPE: cusname is Not Duplicated
2025-10-11T16:37:59.934437+0700 INFO Order: 251010PWN1QTNR Start!!
2025-10-11T16:38:05.819683+0700 INFO 251010PWN1QTNR: compare self.current_address & self.desired_full_address
2025-10-11T16:38:05.820703+0700 INFO 43รองเมืองซอย3ถนนรองเมือรองเมืองปทุมวันกรุงเทพมหานคร10330
2025-10-11T16:38:05.821325+0700 INFO 43รองเมืองซอย3รองเมืองปทุมวันกรุงเทพมหานคร10330
2025-10-11T16:39:38.066275+0700 INFO Order: 251010PWN1QTNR stop operation
2025-10-11T16:39:38.071268+0700 INFO Order: 251010PWN1QTNR outer_Exception_Error!! Message: no such window: target window already closed
from unknown error: web view not found
  (Session info: chrome=141.0.7390.66)
Stacktrace:
	GetHandleVerifier [0x0x7ff71385fca5+79861]
	GetHandleVerifier [0x0x7ff71385fd00+79952]
	(No symbol) [0x0x7ff7135dcada]
	(No symbol) [0x0x7ff7135b4b91]
	(No symbol) [0x0x7ff7136640fe]
	(No symbol) [0x0x7ff7136848c2]
	(No symbol) [0x0x7ff71365c8b3]
	(No symbol) [0x0x7ff713625272]
	(No symbol) [0x0x7ff713626043]
	GetHandleVerifier [0x0x7ff713b1b9dd+2946349]
	GetHandleVerifier [0x0x7ff713b15c5a+2922410]
	GetHandleVerifier [0x0x7ff713b359e7+3052855]
	GetHandleVerifier [0x0x7ff71387aa8e+189918]
	GetHandleVerifier [0x0x7ff713882a2f+222591]
	GetHandleVerifier [0x0x7ff713868ac4+116244]
	GetHandleVerifier [0x0x7ff713868c79+116681]
	GetHandleVerifier [0x0x7ff71384f058+11176]
	BaseThreadInitThunk [0x0x7fffbe46e8d7+23]
	RtlUserThreadStart [0x0x7fffbfd68d9c+44]

2025-10-11T16:39:38.629742+0700 INFO Order: 251010QBDWDFFM Start!!
2025-10-11T16:39:52.173713+0700 INFO 251010QBDWDFFM: cusname is Not Duplicated
2025-10-11T16:40:29.234338+0700 INFO Order: 251010QEAJDADM Start!!
2025-10-11T16:40:44.258512+0700 INFO 251010QEAJDADM: cusname is Not Duplicated
2025-10-11T16:41:16.912972+0700 INFO Order: 251010QK65HGSP Start!!
2025-10-11T16:41:31.680999+0700 INFO 251010QK65HGSP: cusname is Not Duplicated
2025-10-11T16:42:15.826666+0700 INFO Order: 251011QKN758JQ Start!!
2025-10-11T16:42:29.734412+0700 INFO 251011QKN758JQ: cusname is Not Duplicated
2025-10-11T16:43:09.796759+0700 INFO Order: 251011QKQPBG0D Start!!
2025-10-11T16:43:36.907887+0700 INFO 251011QKQPBG0D: cusname is Not Duplicated
2025-10-11T16:44:26.082705+0700 INFO Order: 251011QPC6XSXF Start!!
2025-10-11T16:44:39.005035+0700 INFO 251011QPC6XSXF: cusname is Not Duplicated
2025-10-11T16:45:10.634073+0700 INFO Order: 251011QPME4XMC Start!!
2025-10-11T16:45:33.961721+0700 INFO 251011QPME4XMC: cusname is Not Duplicated
2025-10-11T16:46:24.993132+0700 INFO Order: 251010PEUHR86C Start!!
2025-10-11T16:46:38.666333+0700 INFO 251010PEUHR86C: cusname is Not Duplicated
2025-10-11T16:47:25.234512+0700 INFO Order: 251010PGY4Q88A Start!!
2025-10-11T16:47:39.276752+0700 INFO 251010PGY4Q88A: cusname is Not Duplicated
2025-10-11T16:48:13.692628+0700 INFO Order: 251010QB6C616S Start!!
2025-10-11T16:48:27.967765+0700 INFO 251010QB6C616S: cusname is Not Duplicated
2025-10-11T16:48:59.723489+0700 INFO Order: 251010QE35VU4C Start!!
2025-10-11T16:49:13.633002+0700 INFO 251010QE35VU4C: cusname is Not Duplicated
2025-10-11T16:50:20.734153+0700 INFO Order: 251010QJ29AB3H Start!!
2025-10-11T16:50:46.443412+0700 INFO 251010QJ29AB3H: cusname is Not Duplicated
2025-10-11T16:51:44.131861+0700 INFO Order: 251010QJ684UQE Start!!
2025-10-11T16:51:58.037159+0700 INFO 251010QJ684UQE: cusname is Not Duplicated
2025-10-11T16:52:28.200632+0700 INFO Order: 251010QKDF5XPR Start!!
2025-10-11T16:52:42.073155+0700 INFO 251010QKDF5XPR: cusname is Not Duplicated
2025-10-11T16:53:15.479151+0700 INFO Order: 251011QPA0BWHU Start!!
2025-10-11T16:53:44.574549+0700 INFO 251011QPA0BWHU: cusname is Not Duplicated
2025-10-11T16:54:16.521370+0700 INFO Order: 251010PJ37MU02 Start!!
2025-10-11T16:54:43.844857+0700 INFO 251010PJ37MU02: cusname is Not Duplicated
2025-10-11T16:57:49.694260+0700 INFO Order: 251010PJ37MU02 stop operation
2025-10-11T16:57:50.523091+0700 INFO Order: 251009KWB2EGGM Start!!
2025-10-11T16:58:06.449825+0700 INFO 251009KWB2EGGM: cusname is Not Duplicated
2025-10-11T16:58:49.529506+0700 INFO Order: 251010PDFECD02 Start!!
2025-10-11T16:58:55.267070+0700 INFO 251010PDFECD02: compare self.current_address & self.desired_full_address
2025-10-11T16:58:55.267605+0700 INFO เลขที่455/1ตรอก/ซอยพระรามเก้าซอย13ถนนพระรามเก้าบางกะปิห้วยขวางกรุงเทพมหานคร10310
2025-10-11T16:58:55.267605+0700 INFO 455/1พระรามเก้าซอย13ถนนพระรามเก้าบางกะปิห้วยขวางกรุงเทพมหานคร10310
2025-10-11T17:00:02.509674+0700 INFO Order: 251010Q4GXXWN3 Start!!
2025-10-11T17:00:17.549321+0700 INFO 251010Q4GXXWN3: cusname is Not Duplicated
2025-10-11T17:00:55.491662+0700 INFO Order: 251010PD1TG1KN Start!!
2025-10-11T17:01:09.319689+0700 INFO 251010PD1TG1KN: cusname is Not Duplicated
2025-10-11T17:01:51.489033+0700 INFO Order: 251010PD4DEPT9 Start!!
2025-10-11T17:02:15.170460+0700 INFO 251010PD4DEPT9: cusname is Not Duplicated
2025-10-11T17:03:01.755128+0700 INFO Order: 251010Q66HNJYY Start!!
2025-10-11T17:03:16.660919+0700 INFO 251010Q66HNJYY: cusname is Not Duplicated
2025-10-11T17:04:25.009773+0700 INFO Order: 251010PCTY5GMK Start!!
2025-10-11T17:04:39.185219+0700 INFO 251010PCTY5GMK: cusname is Not Duplicated
2025-10-11T17:05:23.933662+0700 INFO Order: 251010PCTY5GMK stop operation
2025-10-11T17:05:25.077479+0700 INFO Order: 251010PMY3RT5G Start!!
2025-10-11T17:06:54.680112+0700 INFO Order: 251010PKAYSWU5 Start!!
2025-10-11T17:07:10.129166+0700 INFO 251010PKAYSWU5: cusname is Not Duplicated
2025-10-11T17:07:56.368094+0700 INFO Order: 251010Q21P3QQU Start!!
2025-10-11T17:08:11.207355+0700 INFO 251010Q21P3QQU: cusname is Not Duplicated
2025-10-11T17:08:52.575203+0700 INFO Order: 251010QD7FYR42 Start!!
2025-10-11T17:09:44.243845+0700 INFO Order: 251010QJP7CFM9 Start!!
2025-10-11T17:09:58.292703+0700 INFO 251010QJP7CFM9: cusname is Not Duplicated
2025-10-11T17:10:36.356555+0700 INFO Order: 251011RGTBNQJK Start!!
2025-10-11T17:10:50.330327+0700 INFO 251011RGTBNQJK: cusname is Not Duplicated
2025-10-11T17:11:51.233097+0700 INFO Order: 251010QKFJ0KTX Start!!
2025-10-11T17:12:16.096159+0700 INFO 251010QKFJ0KTX: cusname is Not Duplicated
2025-10-11T17:13:00.611345+0700 INFO Order: 251010QCJ813B0 Start!!
2025-10-11T17:13:13.848409+0700 INFO 251010QCJ813B0: cusname is Not Duplicated
2025-10-11T17:13:54.441722+0700 INFO Order: 251010QD5AAEQH Start!!
2025-10-11T17:14:08.452553+0700 INFO 251010QD5AAEQH: cusname is Not Duplicated
2025-10-11T17:14:46.495136+0700 INFO Order: 251010PQP4J7K4 Start!!
2025-10-11T17:20:33.965730+0700 INFO Order: 251011QRG4BC4Y Start!!
2025-10-11T17:20:40.311450+0700 INFO 251011QRG4BC4Y: compare self.current_address & self.desired_full_address
2025-10-11T17:20:40.312459+0700 INFO 10หมู่10สุรนารีเมืองนครราชสีมานครราชสีมา30000
2025-10-11T17:20:40.312459+0700 INFO เลขที่10หมู่10สุรนารีเมืองนครราชสีมานครราชสีมา30000
2025-10-11T17:24:28.031063+0700 INFO Order: 251010PX9Y8X0X Start!!
2025-10-11T17:24:43.692528+0700 INFO 251010PX9Y8X0X: cusname is Not Duplicated
2025-10-11T17:25:30.496091+0700 INFO Order: 251010QJEP2J97 Start!!
2025-10-11T17:25:44.231335+0700 INFO 251010QJEP2J97: cusname is Not Duplicated
2025-10-11T17:27:58.172002+0700 INFO Order: 251010Q2R83DMH Start!!
2025-10-11T17:29:28.766386+0700 INFO Order: 251010Q2R83DMH stop operation
2025-10-11T17:29:30.146479+0700 INFO Order: 251010PPNRUADB Start!!
2025-10-11T17:29:33.906884+0700 INFO Order: 251010PPNRUADB outer_Exception_Error!! Message: no such element: Unable to locate element: {"method":"xpath","selector":"/html/body/div[2]/div[2]/div[2]/div[1]/label/div/button"}
  (Session info: chrome=141.0.7390.66); For documentation on this error, please visit: https://www.selenium.dev/documentation/webdriver/troubleshooting/errors#no-such-element-exception
Stacktrace:
	GetHandleVerifier [0x0x7ff71385fca5+79861]
	GetHandleVerifier [0x0x7ff71385fd00+79952]
	(No symbol) [0x0x7ff7135dcada]
	(No symbol) [0x0x7ff713634457]
	(No symbol) [0x0x7ff71363471c]
	(No symbol) [0x0x7ff713688217]
	(No symbol) [0x0x7ff71365cb1f]
	(No symbol) [0x0x7ff713684f8b]
	(No symbol) [0x0x7ff71365c8b3]
	(No symbol) [0x0x7ff713625272]
	(No symbol) [0x0x7ff713626043]
	GetHandleVerifier [0x0x7ff713b1b9dd+2946349]
	GetHandleVerifier [0x0x7ff713b15c5a+2922410]
	GetHandleVerifier [0x0x7ff713b359e7+3052855]
	GetHandleVerifier [0x0x7ff71387aa8e+189918]
	GetHandleVerifier [0x0x7ff713882a2f+222591]
	GetHandleVerifier [0x0x7ff713868ac4+116244]
	GetHandleVerifier [0x0x7ff713868c79+116681]
	GetHandleVerifier [0x0x7ff71384f058+11176]
	BaseThreadInitThunk [0x0x7fffbe46e8d7+23]
	RtlUserThreadStart [0x0x7fffbfd68d9c+44]

2025-10-11T17:29:34.753683+0700 INFO Order: 251010PXA22P7X Start!!
2025-10-11T17:29:38.672655+0700 INFO Order: 251010PXA22P7X outer_Exception_Error!! Message: no such element: Unable to locate element: {"method":"xpath","selector":"/html/body/div[2]/div[2]/div[2]/div[1]/label/div/button"}
  (Session info: chrome=141.0.7390.66); For documentation on this error, please visit: https://www.selenium.dev/documentation/webdriver/troubleshooting/errors#no-such-element-exception
Stacktrace:
	GetHandleVerifier [0x0x7ff71385fca5+79861]
	GetHandleVerifier [0x0x7ff71385fd00+79952]
	(No symbol) [0x0x7ff7135dcada]
	(No symbol) [0x0x7ff713634457]
	(No symbol) [0x0x7ff71363471c]
	(No symbol) [0x0x7ff713688217]
	(No symbol) [0x0x7ff71365cb1f]
	(No symbol) [0x0x7ff713684f8b]
	(No symbol) [0x0x7ff71365c8b3]
	(No symbol) [0x0x7ff713625272]
	(No symbol) [0x0x7ff713626043]
	GetHandleVerifier [0x0x7ff713b1b9dd+2946349]
	GetHandleVerifier [0x0x7ff713b15c5a+2922410]
	GetHandleVerifier [0x0x7ff713b359e7+3052855]
	GetHandleVerifier [0x0x7ff71387aa8e+189918]
	GetHandleVerifier [0x0x7ff713882a2f+222591]
	GetHandleVerifier [0x0x7ff713868ac4+116244]
	GetHandleVerifier [0x0x7ff713868c79+116681]
	GetHandleVerifier [0x0x7ff71384f058+11176]
	BaseThreadInitThunk [0x0x7fffbe46e8d7+23]
	RtlUserThreadStart [0x0x7fffbfd68d9c+44]

2025-10-11T17:29:39.262585+0700 INFO Order: 251010PJ37MU02 Start!!
2025-10-11T17:29:42.952158+0700 INFO Order: 251010PJ37MU02 outer_Exception_Error!! Message: no such element: Unable to locate element: {"method":"xpath","selector":"/html/body/div[2]/div[2]/div[2]/div[1]/label/div/button"}
  (Session info: chrome=141.0.7390.66); For documentation on this error, please visit: https://www.selenium.dev/documentation/webdriver/troubleshooting/errors#no-such-element-exception
Stacktrace:
	GetHandleVerifier [0x0x7ff71385fca5+79861]
	GetHandleVerifier [0x0x7ff71385fd00+79952]
	(No symbol) [0x0x7ff7135dcada]
	(No symbol) [0x0x7ff713634457]
	(No symbol) [0x0x7ff71363471c]
	(No symbol) [0x0x7ff713688217]
	(No symbol) [0x0x7ff71365cb1f]
	(No symbol) [0x0x7ff713684f8b]
	(No symbol) [0x0x7ff71365c8b3]
	(No symbol) [0x0x7ff713625272]
	(No symbol) [0x0x7ff713626043]
	GetHandleVerifier [0x0x7ff713b1b9dd+2946349]
	GetHandleVerifier [0x0x7ff713b15c5a+2922410]
	GetHandleVerifier [0x0x7ff713b359e7+3052855]
	GetHandleVerifier [0x0x7ff71387aa8e+189918]
	GetHandleVerifier [0x0x7ff713882a2f+222591]
	GetHandleVerifier [0x0x7ff713868ac4+116244]
	GetHandleVerifier [0x0x7ff713868c79+116681]
	GetHandleVerifier [0x0x7ff71384f058+11176]
	BaseThreadInitThunk [0x0x7fffbe46e8d7+23]
	RtlUserThreadStart [0x0x7fffbfd68d9c+44]

2025-10-11T17:29:43.838723+0700 INFO Order: 251010PCTY5GMK Start!!
2025-10-11T17:29:47.419237+0700 INFO Order: 251010PCTY5GMK outer_Exception_Error!! Message: no such element: Unable to locate element: {"method":"xpath","selector":"/html/body/div[2]/div[2]/div[2]/div[1]/label/div/button"}
  (Session info: chrome=141.0.7390.66); For documentation on this error, please visit: https://www.selenium.dev/documentation/webdriver/troubleshooting/errors#no-such-element-exception
Stacktrace:
	GetHandleVerifier [0x0x7ff71385fca5+79861]
	GetHandleVerifier [0x0x7ff71385fd00+79952]
	(No symbol) [0x0x7ff7135dcada]
	(No symbol) [0x0x7ff713634457]
	(No symbol) [0x0x7ff71363471c]
	(No symbol) [0x0x7ff713688217]
	(No symbol) [0x0x7ff71365cb1f]
	(No symbol) [0x0x7ff713684f8b]
	(No symbol) [0x0x7ff71365c8b3]
	(No symbol) [0x0x7ff713625272]
	(No symbol) [0x0x7ff713626043]
	GetHandleVerifier [0x0x7ff713b1b9dd+2946349]
	GetHandleVerifier [0x0x7ff713b15c5a+2922410]
	GetHandleVerifier [0x0x7ff713b359e7+3052855]
	GetHandleVerifier [0x0x7ff71387aa8e+189918]
	GetHandleVerifier [0x0x7ff713882a2f+222591]
	GetHandleVerifier [0x0x7ff713868ac4+116244]
	GetHandleVerifier [0x0x7ff713868c79+116681]
	GetHandleVerifier [0x0x7ff71384f058+11176]
	BaseThreadInitThunk [0x0x7fffbe46e8d7+23]
	RtlUserThreadStart [0x0x7fffbfd68d9c+44]

2025-10-11T17:30:25.027243+0700 INFO Order: 251010PPNRUADB Start!!
2025-10-11T17:32:40.736033+0700 INFO Order: 251010PXA22P7X Start!!
2025-10-11T17:34:29.235027+0700 INFO Order: 251010PXA22P7X stop operation
2025-10-11T17:34:30.127584+0700 INFO Order:  operation_task_thread_outer_Exception_Error!! 'MyApp' object has no attribute 'search_complete'
2025-10-11T17:34:30.847408+0700 INFO Order:  operation_task_thread_outer_Exception_Error!! 'MyApp' object has no attribute 'search_complete'
2025-10-12T10:19:59.681441+0700 INFO Order: 251012U98P3Q9W Not found in the shopee's Export File
2025-10-12T10:20:00.935768+0700 INFO Order: 251012U98P3Q9W Start!!
2025-10-12T10:20:09.096347+0700 INFO Order: 251012U98P3Q9W outer_Exception_Error!! 'MyApp' object has no attribute 'order_status'
2025-10-12T10:20:54.615449+0700 INFO Order: 251012U98P3Q9W Start!!
2025-10-12T10:20:56.950937+0700 INFO Order: 251012U98P3Q9W outer_Exception_Error!! method operation_start Error : Traceback (most recent call last):
  File "c:\Users\ONLINE_MIS\Desktop\Trans-am 31-01-2022\Projects\python\Python\projects\auto_page\autopageMKII\autopage_MKII_ver3_1_4.py", line 3238, in operation_start
    self.searchBtn.click()
  File "C:\Users\ONLINE_MIS\AppData\Local\Programs\Python\Python312\Lib\site-packages\selenium\webdriver\remote\webelement.py", line 94, in click
    self._execute(Command.CLICK_ELEMENT)
  File "C:\Users\ONLINE_MIS\AppData\Local\Programs\Python\Python312\Lib\site-packages\selenium\webdriver\remote\webelement.py", line 395, in _execute
    return self._parent.execute(command, params)
           ^^^^^^^^^^^^^^^^^^^^^^^^^^^^^^^^^^^^^
  File "C:\Users\ONLINE_MIS\AppData\Local\Programs\Python\Python312\Lib\site-packages\selenium\webdriver\remote\webdriver.py", line 354, in execute
    self.error_handler.check_response(response)
  File "C:\Users\ONLINE_MIS\AppData\Local\Programs\Python\Python312\Lib\site-packages\selenium\webdriver\remote\errorhandler.py", line 229, in check_response
    raise exception_class(message, screen, stacktrace)
selenium.common.exceptions.ElementClickInterceptedException: Message: element click intercepted: Element <button data-v-ff857689="" data-v-2df5d49d="" type="button" class="eds-button eds-button--primary eds-button--normal eds-button--outline search-btn" data-testid="order-list-search">...</button> is not clickable at point (1129, 286). Other element would receive the click: <div data-v-aed74027="" class="eds-table__cell align-center last-cell">...</div>
  (Session info: chrome=141.0.7390.66)
Stacktrace:
	GetHandleVerifier [0x0x7ff7b8a2fca5+79861]
	GetHandleVerifier [0x0x7ff7b8a2fd00+79952]
	(No symbol) [0x0x7ff7b87acada]
	(No symbol) [0x0x7ff7b880c5d9]
	(No symbol) [0x0x7ff7b8809f5e]
	(No symbol) [0x0x7ff7b8806eb1]
	(No symbol) [0x0x7ff7b8805da0]
	(No symbol) [0x0x7ff7b87f7338]
	(No symbol) [0x0x7ff7b882cada]
	(No symbol) [0x0x7ff7b87f6bc6]
	(No symbol) [0x0x7ff7b882ccf0]
	(No symbol) [0x0x7ff7b8854f8b]
	(No symbol) [0x0x7ff7b882c8b3]
	(No symbol) [0x0x7ff7b87f5272]
	(No symbol) [0x0x7ff7b87f6043]
	GetHandleVerifier [0x0x7ff7b8ceb9dd+2946349]
	GetHandleVerifier [0x0x7ff7b8ce5c5a+2922410]
	GetHandleVerifier [0x0x7ff7b8d059e7+3052855]
	GetHandleVerifier [0x0x7ff7b8a4aa8e+189918]
	GetHandleVerifier [0x0x7ff7b8a52a2f+222591]
	GetHandleVerifier [0x0x7ff7b8a38ac4+116244]
	GetHandleVerifier [0x0x7ff7b8a38c79+116681]
	GetHandleVerifier [0x0x7ff7b8a1f058+11176]
	BaseThreadInitThunk [0x0x7fffbe46e8d7+23]
	RtlUserThreadStart [0x0x7fffbfd68d9c+44]


2025-10-12T10:21:39.459137+0700 INFO Order: 251012U98P3Q9W Start!!
2025-10-12T10:21:54.923821+0700 INFO 251012U98P3Q9W: cusname is Not Duplicated
2025-10-12T10:29:08.885957+0700 INFO Order: 251010PXA22P7X Start!!
2025-10-12T10:33:34.956980+0700 INFO Order: 251010PJ37MU02 Start!!
2025-10-12T10:34:42.272900+0700 INFO Order: 251010PCTY5GMK Start!!
2025-10-12T10:46:43.413254+0700 INFO Order: 251012T6QUGQGQ Start!!
2025-10-12T10:51:47.224709+0700 INFO Order: 251011RT87D8TH Start!!
2025-10-12T10:52:54.008332+0700 INFO Order: 251011RSGM4GYK Start!!
2025-10-12T10:53:04.770644+0700 INFO Order: 251011RSGM4GYK outer_Exception_Error!! Message: element click intercepted: Element <button class="btn btn-sm btn-outline btn-primary " type="button" id="newMember" ng-click="findNewMember(true);" ng-hide="_readOnlyPage === '1'" ng-show="posbook.data.transactionTypeId === undefined || (posbook.data.transactionTypeId === 91200001 &amp;&amp; posbook.data.orderStatus.lookupMasterId !== 10820007)" title="">...</button> is not clickable at point (1421, 418). Other element would receive the click: <textarea class="form-control validate ng-pristine ng-untouched ng-valid ng-empty ng-valid-maxlength" rows="4" maxlength="150" placeholder="Define 150 digits." validate-special-character="" check-sc="',&amp;" style="resize: none;" id="addressCustomer" name="addressCustomer" ng-model="memberNew.data.dataOfMemberAddress.custAddress" title=""></textarea>
  (Session info: chrome=141.0.7390.66)
Stacktrace:
	GetHandleVerifier [0x0x7ff7b8a2fca5+79861]
	GetHandleVerifier [0x0x7ff7b8a2fd00+79952]
	(No symbol) [0x0x7ff7b87acada]
	(No symbol) [0x0x7ff7b880c5d9]
	(No symbol) [0x0x7ff7b8809f5e]
	(No symbol) [0x0x7ff7b8806eb1]
	(No symbol) [0x0x7ff7b8805da0]
	(No symbol) [0x0x7ff7b87f7338]
	(No symbol) [0x0x7ff7b882cada]
	(No symbol) [0x0x7ff7b87f6bc6]
	(No symbol) [0x0x7ff7b882ccf0]
	(No symbol) [0x0x7ff7b8854f8b]
	(No symbol) [0x0x7ff7b882c8b3]
	(No symbol) [0x0x7ff7b87f5272]
	(No symbol) [0x0x7ff7b87f6043]
	GetHandleVerifier [0x0x7ff7b8ceb9dd+2946349]
	GetHandleVerifier [0x0x7ff7b8ce5c5a+2922410]
	GetHandleVerifier [0x0x7ff7b8d059e7+3052855]
	GetHandleVerifier [0x0x7ff7b8a4aa8e+189918]
	GetHandleVerifier [0x0x7ff7b8a52a2f+222591]
	GetHandleVerifier [0x0x7ff7b8a38ac4+116244]
	GetHandleVerifier [0x0x7ff7b8a38c79+116681]
	GetHandleVerifier [0x0x7ff7b8a1f058+11176]
	BaseThreadInitThunk [0x0x7fffbe46e8d7+23]
	RtlUserThreadStart [0x0x7fffbfd68d9c+44]

2025-10-12T10:53:21.408690+0700 INFO Order: 251011RSGM4GYK Start!!
2025-10-12T10:53:36.153048+0700 INFO 251011RSGM4GYK: cusname is Not Duplicated
2025-10-12T10:54:36.959901+0700 INFO Order: 251012T6H15085 Start!!
2025-10-12T10:56:46.092407+0700 INFO Order: 251011T3UB8XSN Start!!
2025-10-12T10:58:10.052102+0700 INFO Order: 251011SY7C9D15 Start!!
2025-10-12T10:58:23.242898+0700 INFO 251011SY7C9D15: cusname is Not Duplicated
2025-10-12T11:00:26.476005+0700 INFO Order: 251011T2094FDR Start!!
2025-10-12T11:00:40.440008+0700 INFO 251011T2094FDR: cusname is Not Duplicated
2025-10-12T11:20:48.416209+0700 INFO Order: 251010Q50MGNMC Start!!
2025-10-12T11:20:56.570306+0700 INFO 251010Q50MGNMC: compare self.current_address & self.desired_full_address
2025-10-12T11:20:56.571309+0700 INFO 74-76ถ.หลังพระพระปฐมเจดีย์เมืองนครปฐมนครปฐม73000
2025-10-12T11:20:56.572423+0700 INFO 74-76ถนนหลังพระพระปฐมเจดีย์เมืองนครปฐมนครปฐม73000
2025-10-12T11:22:38.354596+0700 INFO Order: 251011RYDP753H Start!!
2025-10-12T11:22:49.207056+0700 INFO Order: 251011RYDP753H outer_Exception_Error!! Message: element click intercepted: Element <button class="btn btn-sm btn-outline btn-primary " type="button" id="newMember" ng-click="findNewMember(true);" ng-hide="_readOnlyPage === '1'" ng-show="posbook.data.transactionTypeId === undefined || (posbook.data.transactionTypeId === 91200001 &amp;&amp; posbook.data.orderStatus.lookupMasterId !== 10820007)" title="">...</button> is not clickable at point (1421, 418). Other element would receive the click: <textarea class="form-control validate ng-valid ng-valid-maxlength ng-dirty ng-touched ng-empty" rows="4" maxlength="150" placeholder="Define 150 digits." validate-special-character="" check-sc="',&amp;" style="resize: none;" id="addressCustomer" name="addressCustomer" ng-model="memberNew.data.dataOfMemberAddress.custAddress" title=""></textarea>
  (Session info: chrome=141.0.7390.66)
Stacktrace:
	GetHandleVerifier [0x0x7ff7b8a2fca5+79861]
	GetHandleVerifier [0x0x7ff7b8a2fd00+79952]
	(No symbol) [0x0x7ff7b87acada]
	(No symbol) [0x0x7ff7b880c5d9]
	(No symbol) [0x0x7ff7b8809f5e]
	(No symbol) [0x0x7ff7b8806eb1]
	(No symbol) [0x0x7ff7b8805da0]
	(No symbol) [0x0x7ff7b87f7338]
	(No symbol) [0x0x7ff7b882cada]
	(No symbol) [0x0x7ff7b87f6bc6]
	(No symbol) [0x0x7ff7b882ccf0]
	(No symbol) [0x0x7ff7b8854f8b]
	(No symbol) [0x0x7ff7b882c8b3]
	(No symbol) [0x0x7ff7b87f5272]
	(No symbol) [0x0x7ff7b87f6043]
	GetHandleVerifier [0x0x7ff7b8ceb9dd+2946349]
	GetHandleVerifier [0x0x7ff7b8ce5c5a+2922410]
	GetHandleVerifier [0x0x7ff7b8d059e7+3052855]
	GetHandleVerifier [0x0x7ff7b8a4aa8e+189918]
	GetHandleVerifier [0x0x7ff7b8a52a2f+222591]
	GetHandleVerifier [0x0x7ff7b8a38ac4+116244]
	GetHandleVerifier [0x0x7ff7b8a38c79+116681]
	GetHandleVerifier [0x0x7ff7b8a1f058+11176]
	BaseThreadInitThunk [0x0x7fffbe46e8d7+23]
	RtlUserThreadStart [0x0x7fffbfd68d9c+44]

2025-10-12T11:23:10.276975+0700 INFO Order: 251011RYDP753H stop operation
2025-10-12T11:23:36.353591+0700 INFO Order: 251011RYDP753H Start!!
2025-10-12T11:23:50.648163+0700 INFO 251011RYDP753H: cusname is Not Duplicated
2025-10-12T11:27:03.510369+0700 INFO Order: 251012TSMCRKS7 Start!!
2025-10-12T11:27:16.795364+0700 INFO 251012TSMCRKS7: cusname is Not Duplicated
2025-10-12T11:32:11.081204+0700 INFO Order: 251012U53MVYDX Start!!
2025-10-12T11:32:24.837946+0700 INFO Order: 251012U53MVYDX outer_Exception_Error!! Message: element click intercepted: Element <button class="btn btn-sm btn-outline btn-primary " type="button" id="newMember" ng-click="findNewMember(true);" ng-hide="_readOnlyPage === '1'" ng-show="posbook.data.transactionTypeId === undefined || (posbook.data.transactionTypeId === 91200001 &amp;&amp; posbook.data.orderStatus.lookupMasterId !== 10820007)" title="">...</button> is not clickable at point (1421, 418). Other element would receive the click: <textarea class="form-control validate ng-valid ng-valid-maxlength ng-dirty ng-touched ng-empty" rows="4" maxlength="150" placeholder="Define 150 digits." validate-special-character="" check-sc="',&amp;" style="resize: none;" id="addressCustomer" name="addressCustomer" ng-model="memberNew.data.dataOfMemberAddress.custAddress" title=""></textarea>
  (Session info: chrome=141.0.7390.66)
Stacktrace:
	GetHandleVerifier [0x0x7ff7b8a2fca5+79861]
	GetHandleVerifier [0x0x7ff7b8a2fd00+79952]
	(No symbol) [0x0x7ff7b87acada]
	(No symbol) [0x0x7ff7b880c5d9]
	(No symbol) [0x0x7ff7b8809f5e]
	(No symbol) [0x0x7ff7b8806eb1]
	(No symbol) [0x0x7ff7b8805da0]
	(No symbol) [0x0x7ff7b87f7338]
	(No symbol) [0x0x7ff7b882cada]
	(No symbol) [0x0x7ff7b87f6bc6]
	(No symbol) [0x0x7ff7b882ccf0]
	(No symbol) [0x0x7ff7b8854f8b]
	(No symbol) [0x0x7ff7b882c8b3]
	(No symbol) [0x0x7ff7b87f5272]
	(No symbol) [0x0x7ff7b87f6043]
	GetHandleVerifier [0x0x7ff7b8ceb9dd+2946349]
	GetHandleVerifier [0x0x7ff7b8ce5c5a+2922410]
	GetHandleVerifier [0x0x7ff7b8d059e7+3052855]
	GetHandleVerifier [0x0x7ff7b8a4aa8e+189918]
	GetHandleVerifier [0x0x7ff7b8a52a2f+222591]
	GetHandleVerifier [0x0x7ff7b8a38ac4+116244]
	GetHandleVerifier [0x0x7ff7b8a38c79+116681]
	GetHandleVerifier [0x0x7ff7b8a1f058+11176]
	BaseThreadInitThunk [0x0x7fffbe46e8d7+23]
	RtlUserThreadStart [0x0x7fffbfd68d9c+44]

2025-10-12T11:32:33.512361+0700 INFO Order: 251012U53MVYDX Start!!
2025-10-12T11:32:48.016539+0700 INFO 251012U53MVYDX: cusname is Not Duplicated
2025-10-12T11:39:17.289901+0700 INFO Order: 251011SR6W8365 Start!!
2025-10-12T11:39:34.252412+0700 INFO 251011SR6W8365: cusname is Not Duplicated
